medal_date,medal_type,athlete_id,discipline
2024-07-27,Gold Medal,1903136,Cycling Road
2024-07-27,Silver Medal,1923520,Cycling Road
2024-07-27,Bronze Medal,1903147,Cycling Road
2024-07-27,Gold Medal,1940173,Cycling Road
2024-07-27,Silver Medal,1912525,Cycling Road
2024-07-27,Bronze Medal,1955079,Cycling Road
2024-07-27,Gold Medal,1927149,Fencing
2024-07-27,Silver Medal,1937783,Fencing
2024-07-27,Bronze Medal,1924595,Fencing
2024-07-27,Gold Medal,1963262,Fencing
2024-07-27,Silver Medal,1916183,Fencing
2024-07-27,Bronze Medal,1946375,Fencing
2024-07-27,Gold Medal,1935408,Judo
2024-07-27,Silver Medal,1891304,Judo
2024-07-27,Bronze Medal,1896752,Judo
2024-07-27,Bronze Medal,1563544,Judo
2024-07-27,Gold Medal,1896735,Judo
2024-07-27,Silver Medal,1914467,Judo
2024-07-27,Bronze Medal,1891280,Judo
2024-07-27,Bronze Medal,1571911,Judo
2024-07-27,Gold Medal,1907192,Swimming
2024-07-27,Silver Medal,1946172,Swimming
2024-07-27,Bronze Medal,4654306,Swimming
2024-07-27,Gold Medal,1946150,Swimming
2024-07-27,Silver Medal,1967140,Swimming
2024-07-27,Bronze Medal,1935938,Swimming
2024-07-28,Gold Medal,1940205,Canoe Slalom
2024-07-28,Silver Medal,1942126,Canoe Slalom
2024-07-28,Bronze Medal,1896045,Canoe Slalom
2024-07-28,Gold Medal,1895672,Cycling Mountain Bike
2024-07-28,Silver Medal,1955070,Cycling Mountain Bike
2024-07-28,Bronze Medal,1564023,Cycling Mountain Bike
2024-07-28,Gold Medal,1896548,Fencing
2024-07-28,Silver Medal,1916194,Fencing
2024-07-28,Bronze Medal,1936462,Fencing
2024-07-28,Gold Medal,1950611,Fencing
2024-07-28,Silver Medal,1950643,Fencing
2024-07-28,Bronze Medal,1973213,Fencing
2024-07-28,Gold Medal,1896763,Judo
2024-07-28,Silver Medal,1953840,Judo
2024-07-28,Bronze Medal,1935410,Judo
2024-07-28,Bronze Medal,1561138,Judo
2024-07-28,Gold Medal,1566997,Judo
2024-07-28,Silver Medal,1550162,Judo
2024-07-28,Bronze Medal,1953817,Judo
2024-07-28,Bronze Medal,1891283,Judo
2024-07-28,Gold Medal,1913907,Shooting
2024-07-28,Silver Medal,1551388,Shooting
2024-07-28,Bronze Medal,1551387,Shooting
2024-07-28,Gold Medal,1893972,Shooting
2024-07-28,Silver Medal,1893930,Shooting
2024-07-28,Bronze Medal,1538159,Shooting
2024-07-28,Gold Medal,1902055,Skateboarding
2024-07-28,Silver Medal,1902069,Skateboarding
2024-07-28,Bronze Medal,1955689,Skateboarding
2024-07-28,Gold Medal,1925633,Swimming
2024-07-28,Silver Medal,1956469,Swimming
2024-07-28,Silver Medal,1935901,Swimming
2024-07-28,Gold Medal,1909294,Swimming
2024-07-28,Silver Medal,1963635,Swimming
2024-07-28,Bronze Medal,1935903,Swimming
2024-07-28,Gold Medal,1935923,Swimming
2024-07-28,Silver Medal,1935998,Swimming
2024-07-28,Bronze Medal,1945125,Swimming
2024-07-29,Gold Medal,1880479,Canoe Slalom
2024-07-29,Silver Medal,1896030,Canoe Slalom
2024-07-29,Bronze Medal,1961080,Canoe Slalom
2024-07-29,Gold Medal,1912546,Cycling Mountain Bike
2024-07-29,Silver Medal,1895687,Cycling Mountain Bike
2024-07-29,Bronze Medal,1943604,Cycling Mountain Bike
2024-07-29,Gold Medal,1914921,Equestrian
2024-07-29,Silver Medal,1940438,Equestrian
2024-07-29,Bronze Medal,1970898,Equestrian
2024-07-29,Gold Medal,1963245,Fencing
2024-07-29,Silver Medal,1924289,Fencing
2024-07-29,Bronze Medal,1950602,Fencing
2024-07-29,Gold Medal,1916223,Fencing
2024-07-29,Silver Medal,1916222,Fencing
2024-07-29,Bronze Medal,1897644,Fencing
2024-07-29,Gold Medal,1972337,Judo
2024-07-29,Silver Medal,1891311,Judo
2024-07-29,Bronze Medal,1563437,Judo
2024-07-29,Bronze Medal,1896740,Judo
2024-07-29,Gold Medal,1955526,Judo
2024-07-29,Silver Medal,1928067,Judo
2024-07-29,Bronze Medal,1896733,Judo
2024-07-29,Bronze Medal,1891286,Judo
2024-07-29,Gold Medal,1913899,Shooting
2024-07-29,Silver Medal,1572919,Shooting
2024-07-29,Bronze Medal,1888047,Shooting
2024-07-29,Gold Medal,1893845,Shooting
2024-07-29,Silver Medal,1913945,Shooting
2024-07-29,Bronze Medal,1976545,Shooting
2024-07-29,Gold Medal,1902081,Skateboarding
2024-07-29,Silver Medal,1944226,Skateboarding
2024-07-29,Bronze Medal,1944232,Skateboarding
2024-07-29,Gold Medal,1925635,Swimming
2024-07-29,Silver Medal,1945132,Swimming
2024-07-29,Bronze Medal,1935957,Swimming
2024-07-29,Gold Medal,1543549,Swimming
2024-07-29,Silver Medal,1903617,Swimming
2024-07-29,Bronze Medal,1935918,Swimming
2024-07-29,Gold Medal,1962589,Swimming
2024-07-29,Silver Medal,1945200,Swimming
2024-07-29,Bronze Medal,1543304,Swimming
2024-07-29,Gold Medal,1946218,Swimming
2024-07-29,Silver Medal,1946150,Swimming
2024-07-29,Bronze Medal,1925125,Swimming
2024-07-29,Gold Medal,1967140,Swimming
2024-07-29,Silver Medal,1935909,Swimming
2024-07-29,Bronze Medal,1936001,Swimming
2024-07-30,Gold Medal,1896765,Judo
2024-07-30,Silver Medal,1546651,Judo
2024-07-30,Bronze Medal,1928079,Judo
2024-07-30,Bronze Medal,1570561,Judo
2024-07-30,Gold Medal,1980833,Judo
2024-07-30,Silver Medal,1537287,Judo
2024-07-30,Bronze Medal,1891289,Judo
2024-07-30,Bronze Medal,1550167,Judo
2024-07-30,Gold Medal,1904430,Shooting
2024-07-30,Silver Medal,1913928,Shooting
2024-07-30,Bronze Medal,1958970,Shooting
2024-07-30,Gold Medal,1539969,Swimming
2024-07-30,Silver Medal,1935902,Swimming
2024-07-30,Bronze Medal,1925630,Swimming
2024-07-30,Gold Medal,1946198,Swimming
2024-07-30,Silver Medal,1935984,Swimming
2024-07-30,Bronze Medal,1935873,Swimming
2024-07-31,Gold Medal,1919480,Artistic Gymnastics
2024-07-31,Silver Medal,1918864,Artistic Gymnastics
2024-07-31,Bronze Medal,1918860,Artistic Gymnastics
2024-07-31,Gold Medal,1940205,Canoe Slalom
2024-07-31,Silver Medal,1913770,Canoe Slalom
2024-07-31,Bronze Medal,1955132,Canoe Slalom
2024-07-31,Gold Medal,1916809,Cycling BMX Freestyle
2024-07-31,Silver Medal,1912548,Cycling BMX Freestyle
2024-07-31,Bronze Medal,1895685,Cycling BMX Freestyle
2024-07-31,Gold Medal,1920569,Cycling BMX Freestyle
2024-07-31,Silver Medal,1955071,Cycling BMX Freestyle
2024-07-31,Bronze Medal,1940118,Cycling BMX Freestyle
2024-07-31,Gold Medal,1548817,Judo
2024-07-31,Silver Medal,1896750,Judo
2024-07-31,Bronze Medal,1891318,Judo
2024-07-31,Bronze Medal,1961318,Judo
2024-07-31,Gold Medal,1898499,Judo
2024-07-31,Silver Medal,1563082,Judo
2024-07-31,Bronze Medal,1566421,Judo
2024-07-31,Bronze Medal,1903248,Judo
2024-07-31,Gold Medal,1958899,Shooting
2024-07-31,Silver Medal,1915317,Shooting
2024-07-31,Bronze Medal,1967454,Shooting
2024-07-31,Gold Medal,1945148,Swimming
2024-07-31,Silver Medal,1946200,Swimming
2024-07-31,Bronze Medal,1543549,Swimming
2024-07-31,Gold Medal,1909294,Swimming
2024-07-31,Silver Medal,1946185,Swimming
2024-07-31,Bronze Medal,1972545,Swimming
2024-07-31,Gold Medal,1909294,Swimming
2024-07-31,Silver Medal,1905860,Swimming
2024-07-31,Bronze Medal,1967058,Swimming
2024-07-31,Gold Medal,1572557,Swimming
2024-07-31,Silver Medal,1935923,Swimming
2024-07-31,Bronze Medal,1925125,Swimming
2024-07-31,Gold Medal,1935938,Swimming
2024-07-31,Silver Medal,1909209,Swimming
2024-07-31,Bronze Medal,1907171,Swimming
2024-07-31,Gold Medal,1904251,Triathlon
2024-07-31,Silver Medal,1926549,Triathlon
2024-07-31,Bronze Medal,1543967,Triathlon
2024-07-31,Gold Medal,1543963,Triathlon
2024-07-31,Silver Medal,1976489,Triathlon
2024-07-31,Bronze Medal,1904244,Triathlon
2024-08-01,Gold Medal,1959861,Artistic Gymnastics
2024-08-01,Silver Medal,1953634,Artistic Gymnastics
2024-08-01,Bronze Medal,1959866,Artistic Gymnastics
2024-08-01,Gold Medal,1929767,Athletics
2024-08-01,Silver Medal,1951928,Athletics
2024-08-01,Bronze Medal,1904165,Athletics
2024-08-01,Gold Medal,1919002,Athletics
2024-08-01,Silver Medal,1905369,Athletics
2024-08-01,Bronze Medal,1939791,Athletics
2024-08-01,Gold Medal,1550975,Canoe Slalom
2024-08-01,Silver Medal,1880464,Canoe Slalom
2024-08-01,Bronze Medal,1953935,Canoe Slalom
2024-08-01,Gold Medal,1972367,Judo
2024-08-01,Silver Medal,1552370,Judo
2024-08-01,Bronze Medal,1892957,Judo
2024-08-01,Bronze Medal,1565754,Judo
2024-08-01,Gold Medal,1925349,Judo
2024-08-01,Silver Medal,1892794,Judo
2024-08-01,Bronze Medal,1891067,Judo
2024-08-01,Bronze Medal,1943504,Judo
2024-08-01,Gold Medal,1913922,Shooting
2024-08-01,Silver Medal,1555976,Shooting
2024-08-01,Bronze Medal,1538084,Shooting
2024-08-01,Gold Medal,1904977,Swimming
2024-08-01,Silver Medal,1954557,Swimming
2024-08-01,Bronze Medal,1977754,Swimming
2024-08-01,Gold Medal,1935895,Swimming
2024-08-01,Silver Medal,1962589,Swimming
2024-08-01,Bronze Medal,1972525,Swimming
2024-08-01,Gold Medal,1967140,Swimming
2024-08-01,Silver Medal,1935984,Swimming
2024-08-01,Bronze Medal,1945125,Swimming
2024-08-02,Gold Medal,1970827,Athletics
2024-08-02,Silver Medal,1536998,Athletics
2024-08-02,Bronze Medal,1960959,Athletics
2024-08-02,Gold Medal,1895661,Cycling BMX Racing
2024-08-02,Silver Medal,1895640,Cycling BMX Racing
2024-08-02,Bronze Medal,1895700,Cycling BMX Racing
2024-08-02,Gold Medal,1940127,Cycling BMX Racing
2024-08-02,Silver Medal,1969181,Cycling BMX Racing
2024-08-02,Bronze Medal,1976480,Cycling BMX Racing
2024-08-02,Gold Medal,1891323,Judo
2024-08-02,Silver Medal,1928072,Judo
2024-08-02,Bronze Medal,1567512,Judo
2024-08-02,Bronze Medal,1566931,Judo
2024-08-02,Gold Medal,1953777,Judo
2024-08-02,Silver Medal,1892796,Judo
2024-08-02,Bronze Medal,1928070,Judo
2024-08-02,Bronze Medal,1891300,Judo
2024-08-02,Gold Medal,1977709,Shooting
2024-08-02,Silver Medal,1944373,Shooting
2024-08-02,Bronze Medal,1913972,Shooting
2024-08-02,Gold Medal,1909294,Swimming
2024-08-02,Silver Medal,1903621,Swimming
2024-08-02,Bronze Medal,1945186,Swimming
2024-08-02,Gold Medal,1946161,Swimming
2024-08-02,Silver Medal,1903616,Swimming
2024-08-02,Bronze Medal,1909292,Swimming
2024-08-02,Gold Medal,1946198,Swimming
2024-08-02,Silver Medal,1935984,Swimming
2024-08-02,Bronze Medal,1967104,Swimming
2024-08-02,Bronze Medal,1931815,Tennis
2024-08-02,Gold Medal,1937347,Trampoline Gymnastics
2024-08-02,Silver Medal,1918790,Trampoline Gymnastics
2024-08-02,Bronze Medal,1918789,Trampoline Gymnastics
2024-08-02,Gold Medal,1904745,Trampoline Gymnastics
2024-08-02,Silver Medal,1938437,Trampoline Gymnastics
2024-08-02,Bronze Medal,1973102,Trampoline Gymnastics
2024-08-03,Gold Medal,1902147,Archery
2024-08-03,Silver Medal,1902148,Archery
2024-08-03,Bronze Medal,1541265,Archery
2024-08-03,Gold Medal,1975874,Artistic Gymnastics
2024-08-03,Silver Medal,1908195,Artistic Gymnastics
2024-08-03,Bronze Medal,1904741,Artistic Gymnastics
2024-08-03,Gold Medal,1539986,Artistic Gymnastics
2024-08-03,Silver Medal,1931577,Artistic Gymnastics
2024-08-03,Bronze Medal,1959865,Artistic Gymnastics
2024-08-03,Gold Medal,1959861,Artistic Gymnastics
2024-08-03,Silver Medal,1953634,Artistic Gymnastics
2024-08-03,Bronze Medal,1959819,Artistic Gymnastics
2024-08-03,Gold Medal,1878353,Athletics
2024-08-03,Silver Medal,1920180,Athletics
2024-08-03,Bronze Medal,1573388,Athletics
2024-08-03,Gold Medal,1960688,Athletics
2024-08-03,Silver Medal,1965246,Athletics
2024-08-03,Bronze Medal,1564189,Athletics
2024-08-03,Gold Medal,1537325,Athletics
2024-08-03,Silver Medal,1960181,Athletics
2024-08-03,Bronze Medal,1961011,Athletics
2024-08-03,Gold Medal,1908333,Athletics
2024-08-03,Silver Medal,1536885,Athletics
2024-08-03,Bronze Medal,1965250,Athletics
2024-08-03,Bronze Medal,1887970,Boxing
2024-08-03,Bronze Medal,1952540,Boxing
2024-08-03,Gold Medal,1903136,Cycling Road
2024-08-03,Silver Medal,1895699,Cycling Road
2024-08-03,Bronze Medal,1895694,Cycling Road
2024-08-03,Gold Medal,1906515,Rowing
2024-08-03,Silver Medal,1538160,Rowing
2024-08-03,Bronze Medal,1965599,Rowing
2024-08-03,Gold Medal,1965558,Rowing
2024-08-03,Silver Medal,1927027,Rowing
2024-08-03,Bronze Medal,1941956,Rowing
2024-08-03,Gold Medal,1927680,Sailing
2024-08-03,Silver Medal,1945982,Sailing
2024-08-03,Bronze Medal,1970505,Sailing
2024-08-03,Gold Medal,1899653,Sailing
2024-08-03,Silver Medal,1927733,Sailing
2024-08-03,Bronze Medal,1899748,Sailing
2024-08-03,Gold Medal,1893995,Shooting
2024-08-03,Silver Medal,1888429,Shooting
2024-08-03,Bronze Medal,1899493,Shooting
2024-08-03,Gold Medal,1944354,Shooting
2024-08-03,Silver Medal,1944385,Shooting
2024-08-03,Bronze Medal,1569852,Shooting
2024-08-03,Gold Medal,1905860,Swimming
2024-08-03,Silver Medal,1967069,Swimming
2024-08-03,Bronze Medal,1967058,Swimming
2024-08-03,Gold Medal,1967140,Swimming
2024-08-03,Silver Medal,1935895,Swimming
2024-08-03,Bronze Medal,1946198,Swimming
2024-08-03,Gold Medal,1935938,Swimming
2024-08-03,Silver Medal,1946150,Swimming
2024-08-03,Bronze Medal,1935943,Swimming
2024-08-03,Gold Medal,1902307,Table Tennis
2024-08-03,Silver Medal,1902313,Table Tennis
2024-08-03,Bronze Medal,1931100,Table Tennis
2024-08-03,Bronze Medal,1562400,Tennis
2024-08-03,Gold Medal,1927709,Tennis
2024-08-03,Silver Medal,1554972,Tennis
2024-08-04,Gold Medal,1902135,Archery
2024-08-04,Silver Medal,1955595,Archery
2024-08-04,Bronze Medal,1902144,Archery
2024-08-04,Gold Medal,1918856,Artistic Gymnastics
2024-08-04,Silver Medal,1918865,Artistic Gymnastics
2024-08-04,Bronze Medal,1961314,Artistic Gymnastics
2024-08-04,Gold Medal,1975874,Artistic Gymnastics
2024-08-04,Silver Medal,1915828,Artistic Gymnastics
2024-08-04,Bronze Medal,1904740,Artistic Gymnastics
2024-08-04,Gold Medal,1545688,Artistic Gymnastics
2024-08-04,Silver Medal,1918872,Artistic Gymnastics
2024-08-04,Bronze Medal,1959866,Artistic Gymnastics
2024-08-04,Gold Medal,1960173,Athletics
2024-08-04,Silver Medal,1980161,Athletics
2024-08-04,Bronze Medal,1960958,Athletics
2024-08-04,Gold Medal,1974151,Athletics
2024-08-04,Silver Medal,1916814,Athletics
2024-08-04,Bronze Medal,1571563,Athletics
2024-08-04,Gold Medal,1571559,Athletics
2024-08-04,Silver Medal,1939838,Athletics
2024-08-04,Bronze Medal,1571577,Athletics
2024-08-04,Bronze Medal,1939763,Athletics
2024-08-04,Bronze Medal,1926315,Badminton
2024-08-04,Bronze Medal,1908817,Boxing
2024-08-04,Bronze Medal,1892464,Boxing
2024-08-04,Bronze Medal,1972293,Boxing
2024-08-04,Bronze Medal,1550184,Boxing
2024-08-04,Bronze Medal,1943368,Boxing
2024-08-04,Bronze Medal,1555548,Boxing
2024-08-04,Bronze Medal,1934790,Boxing
2024-08-04,Bronze Medal,1909011,Boxing
2024-08-04,Bronze Medal,1980125,Boxing
2024-08-04,Bronze Medal,1891890,Boxing
2024-08-04,Gold Medal,1955081,Cycling Road
2024-08-04,Silver Medal,1969165,Cycling Road
2024-08-04,Bronze Medal,1903120,Cycling Road
2024-08-04,Gold Medal,1914905,Equestrian
2024-08-04,Silver Medal,1914909,Equestrian
2024-08-04,Bronze Medal,1970905,Equestrian
2024-08-04,Gold Medal,1951724,Golf
2024-08-04,Silver Medal,1923629,Golf
2024-08-04,Bronze Medal,1961406,Golf
2024-08-04,Gold Medal,1937878,Shooting
2024-08-04,Silver Medal,1977402,Shooting
2024-08-04,Bronze Medal,1944397,Shooting
2024-08-04,Gold Medal,1935902,Swimming
2024-08-04,Silver Medal,1925630,Swimming
2024-08-04,Bronze Medal,1539969,Swimming
2024-08-04,Gold Medal,1572557,Swimming
2024-08-04,Silver Medal,1946212,Swimming
2024-08-04,Bronze Medal,1945125,Swimming
2024-08-04,Gold Medal,1902295,Table Tennis
2024-08-04,Silver Medal,1563390,Table Tennis
2024-08-04,Bronze Medal,1889177,Table Tennis
2024-08-04,Gold Medal,1956398,Tennis
2024-08-04,Silver Medal,1563682,Tennis
2024-08-05,Gold Medal,1919480,Artistic Gymnastics
2024-08-05,Silver Medal,1935685,Artistic Gymnastics
2024-08-05,Bronze Medal,1918864,Artistic Gymnastics
2024-08-05,Bronze Medal,1878037,Artistic Gymnastics
2024-08-05,Gold Medal,1918865,Artistic Gymnastics
2024-08-05,Silver Medal,1897555,Artistic Gymnastics
2024-08-05,Bronze Medal,1919480,Artistic Gymnastics
2024-08-05,Gold Medal,1551061,Artistic Gymnastics
2024-08-05,Silver Medal,1918881,Artistic Gymnastics
2024-08-05,Bronze Medal,1560762,Artistic Gymnastics
2024-08-05,Gold Medal,1953634,Artistic Gymnastics
2024-08-05,Silver Medal,1959861,Artistic Gymnastics
2024-08-05,Bronze Medal,1550170,Artistic Gymnastics
2024-08-05,Gold Medal,1569203,Athletics
2024-08-05,Silver Medal,1960178,Athletics
2024-08-05,Bronze Medal,1961218,Athletics
2024-08-05,Gold Medal,1910560,Athletics
2024-08-05,Silver Medal,1910451,Athletics
2024-08-05,Bronze Medal,1972105,Athletics
2024-08-05,Gold Medal,1924429,Athletics
2024-08-05,Silver Medal,1536498,Athletics
2024-08-05,Bronze Medal,1928047,Athletics
2024-08-05,Gold Medal,1960721,Athletics
2024-08-05,Silver Medal,1919067,Athletics
2024-08-05,Bronze Medal,1922205,Athletics
2024-08-05,Gold Medal,1888993,Badminton
2024-08-05,Silver Medal,1926294,Badminton
2024-08-05,Bronze Medal,1566617,Badminton
2024-08-05,Gold Medal,1891498,Badminton
2024-08-05,Silver Medal,1913436,Badminton
2024-08-05,Gold Medal,1945386,Canoe Slalom
2024-08-05,Silver Medal,1896032,Canoe Slalom
2024-08-05,Bronze Medal,1913780,Canoe Slalom
2024-08-05,Gold Medal,1940209,Canoe Slalom
2024-08-05,Silver Medal,1880483,Canoe Slalom
2024-08-05,Bronze Medal,1896045,Canoe Slalom
2024-08-05,Gold Medal,1913913,Shooting
2024-08-05,Silver Medal,1893852,Shooting
2024-08-05,Bronze Medal,1913919,Shooting
2024-08-05,Gold Medal,1567361,Surfing
2024-08-05,Silver Medal,1946129,Surfing
2024-08-05,Bronze Medal,1955778,Surfing
2024-08-05,Gold Medal,1943206,Surfing
2024-08-05,Silver Medal,1955783,Surfing
2024-08-05,Bronze Medal,1567359,Surfing
2024-08-06,Gold Medal,1960933,Athletics
2024-08-06,Silver Medal,1924440,Athletics
2024-08-06,Bronze Medal,1965327,Athletics
2024-08-06,Gold Medal,1961246,Athletics
2024-08-06,Silver Medal,1938899,Athletics
2024-08-06,Bronze Medal,1552378,Athletics
2024-08-06,Gold Medal,1965868,Athletics
2024-08-06,Silver Medal,1537325,Athletics
2024-08-06,Bronze Medal,1960588,Athletics
2024-08-06,Gold Medal,1926102,Athletics
2024-08-06,Silver Medal,1971686,Athletics
2024-08-06,Bronze Medal,1910453,Athletics
2024-08-06,Gold Medal,1974290,Athletics
2024-08-06,Silver Medal,1960899,Athletics
2024-08-06,Bronze Medal,1919077,Athletics
2024-08-06,Bronze Medal,1955645,Boxing
2024-08-06,Bronze Medal,1912009,Boxing
2024-08-06,Bronze Medal,1931331,Boxing
2024-08-06,Bronze Medal,1979870,Boxing
2024-08-06,Gold Medal,1555098,Boxing
2024-08-06,Silver Medal,1926828,Boxing
2024-08-06,Bronze Medal,1898283,Boxing
2024-08-06,Bronze Medal,1887975,Boxing
2024-08-06,Gold Medal,1901545,Diving
2024-08-06,Silver Medal,1901544,Diving
2024-08-06,Bronze Medal,1980115,Diving
2024-08-06,Gold Medal,1914912,Equestrian
2024-08-06,Silver Medal,1976553,Equestrian
2024-08-06,Bronze Medal,1976879,Equestrian
2024-08-06,Gold Medal,1946064,Skateboarding
2024-08-06,Silver Medal,1902075,Skateboarding
2024-08-06,Bronze Medal,1544123,Skateboarding
2024-08-06,Gold Medal,1571506,Wrestling
2024-08-06,Silver Medal,1935199,Wrestling
2024-08-06,Bronze Medal,1544882,Wrestling
2024-08-06,Bronze Medal,1919983,Wrestling
2024-08-06,Gold Medal,1939713,Wrestling
2024-08-06,Silver Medal,1919973,Wrestling
2024-08-06,Bronze Medal,1566631,Wrestling
2024-08-06,Bronze Medal,1980153,Wrestling
2024-08-06,Gold Medal,1955304,Wrestling
2024-08-06,Silver Medal,1568241,Wrestling
2024-08-06,Bronze Medal,1570415,Wrestling
2024-08-06,Bronze Medal,1939709,Wrestling
2024-08-07,Gold Medal,1555372,Athletics
2024-08-07,Silver Medal,1965896,Athletics
2024-08-07,Bronze Medal,1910445,Athletics
2024-08-07,Gold Medal,1960177,Athletics
2024-08-07,Silver Medal,1924430,Athletics
2024-08-07,Bronze Medal,1937531,Athletics
2024-08-07,Gold Medal,1912322,Athletics
2024-08-07,Silver Medal,1922593,Athletics
2024-08-07,Bronze Medal,1939824,Athletics
2024-08-07,Gold Medal,1939839,Athletics
2024-08-07,Silver Medal,1965268,Athletics
2024-08-07,Bronze Medal,1974216,Athletics
2024-08-07,Bronze Medal,1895903,Boxing
2024-08-07,Bronze Medal,1879120,Boxing
2024-08-07,Gold Medal,1555537,Boxing
2024-08-07,Silver Medal,1879111,Boxing
2024-08-07,Gold Medal,1564362,Boxing
2024-08-07,Silver Medal,1932824,Boxing
2024-08-07,Bronze Medal,1568204,Boxing
2024-08-07,Bronze Medal,1979904,Boxing
2024-08-07,Gold Medal,1945990,Sailing
2024-08-07,Silver Medal,1905347,Sailing
2024-08-07,Bronze Medal,1944316,Sailing
2024-08-07,Gold Medal,1970500,Sailing
2024-08-07,Silver Medal,1895121,Sailing
2024-08-07,Bronze Medal,1878602,Sailing
2024-08-07,Gold Medal,1946074,Skateboarding
2024-08-07,Silver Medal,1944247,Skateboarding
2024-08-07,Bronze Medal,1955669,Skateboarding
2024-08-07,Gold Medal,1563327,Sport Climbing
2024-08-07,Silver Medal,1913702,Sport Climbing
2024-08-07,Bronze Medal,1563321,Sport Climbing
2024-08-07,Gold Medal,1904040,Taekwondo
2024-08-07,Silver Medal,1946883,Taekwondo
2024-08-07,Bronze Medal,1893274,Taekwondo
2024-08-07,Bronze Medal,1947736,Taekwondo
2024-08-07,Gold Medal,1902841,Taekwondo
2024-08-07,Silver Medal,1910372,Taekwondo
2024-08-07,Bronze Medal,1536064,Taekwondo
2024-08-07,Bronze Medal,1569986,Taekwondo
2024-08-07,Gold Medal,1918372,Weightlifting
2024-08-07,Silver Medal,1898059,Weightlifting
2024-08-07,Bronze Medal,1917153,Weightlifting
2024-08-07,Gold Medal,1918377,Weightlifting
2024-08-07,Silver Medal,1550148,Weightlifting
2024-08-07,Bronze Medal,1898024,Weightlifting
2024-08-07,Gold Medal,1939692,Wrestling
2024-08-07,Silver Medal,1958652,Wrestling
2024-08-07,Bronze Medal,1532873,Wrestling
2024-08-07,Bronze Medal,1566627,Wrestling
2024-08-07,Gold Medal,1544897,Wrestling
2024-08-07,Silver Medal,1532872,Wrestling
2024-08-07,Bronze Medal,1571504,Wrestling
2024-08-07,Bronze Medal,1566601,Wrestling
2024-08-07,Gold Medal,1955373,Wrestling
2024-08-07,Silver Medal,1571747,Wrestling
2024-08-07,Bronze Medal,1939712,Wrestling
2024-08-07,Bronze Medal,1920000,Wrestling
2024-08-08,Gold Medal,1960961,Athletics
2024-08-08,Silver Medal,1965223,Athletics
2024-08-08,Bronze Medal,1901251,Athletics
2024-08-08,Gold Medal,1936983,Athletics
2024-08-08,Silver Medal,1960659,Athletics
2024-08-08,Bronze Medal,1960173,Athletics
2024-08-08,Gold Medal,1878563,Athletics
2024-08-08,Silver Medal,1550250,Athletics
2024-08-08,Bronze Medal,1573418,Athletics
2024-08-08,Gold Medal,1965308,Athletics
2024-08-08,Silver Medal,1960581,Athletics
2024-08-08,Bronze Medal,1972078,Athletics
2024-08-08,Gold Medal,1960711,Athletics
2024-08-08,Silver Medal,1920175,Athletics
2024-08-08,Bronze Medal,1965250,Athletics
2024-08-08,Gold Medal,1556045,Boxing
2024-08-08,Silver Medal,1879110,Boxing
2024-08-08,Bronze Medal,1940136,Boxing
2024-08-08,Bronze Medal,1555185,Boxing
2024-08-08,Gold Medal,1926832,Boxing
2024-08-08,Silver Medal,1568186,Boxing
2024-08-08,Bronze Medal,1940134,Boxing
2024-08-08,Bronze Medal,1894537,Boxing
2024-08-08,Gold Medal,1895717,Cycling Track
2024-08-08,Silver Medal,1933816,Cycling Track
2024-08-08,Bronze Medal,1915370,Cycling Track
2024-08-08,Gold Medal,1945040,Cycling Track
2024-08-08,Silver Medal,1969180,Cycling Track
2024-08-08,Bronze Medal,1912522,Cycling Track
2024-08-08,Gold Medal,1901550,Diving
2024-08-08,Silver Medal,1901549,Diving
2024-08-08,Bronze Medal,1535349,Diving
2024-08-08,Gold Medal,1972515,Marathon Swimming
2024-08-08,Silver Medal,1945588,Marathon Swimming
2024-08-08,Bronze Medal,1925804,Marathon Swimming
2024-08-08,Gold Medal,1899728,Sailing
2024-08-08,Silver Medal,1559512,Sailing
2024-08-08,Bronze Medal,1970517,Sailing
2024-08-08,Gold Medal,1940329,Sport Climbing
2024-08-08,Silver Medal,1913699,Sport Climbing
2024-08-08,Bronze Medal,1950309,Sport Climbing
2024-08-08,Gold Medal,1887714,Taekwondo
2024-08-08,Silver Medal,1537401,Taekwondo
2024-08-08,Bronze Medal,1910367,Taekwondo
2024-08-08,Bronze Medal,1955815,Taekwondo
2024-08-08,Gold Medal,1904038,Taekwondo
2024-08-08,Silver Medal,1536067,Taekwondo
2024-08-08,Bronze Medal,1966505,Taekwondo
2024-08-08,Bronze Medal,2493835,Taekwondo
2024-08-08,Gold Medal,1941786,Weightlifting
2024-08-08,Silver Medal,1898067,Weightlifting
2024-08-08,Bronze Medal,1902787,Weightlifting
2024-08-08,Gold Medal,1918379,Weightlifting
2024-08-08,Silver Medal,1965815,Weightlifting
2024-08-08,Bronze Medal,1569563,Weightlifting
2024-08-08,Gold Medal,1544928,Wrestling
2024-08-08,Silver Medal,1550119,Wrestling
2024-08-08,Bronze Medal,1981760,Wrestling
2024-08-08,Bronze Medal,1571498,Wrestling
2024-08-08,Gold Medal,1559471,Wrestling
2024-08-08,Silver Medal,1544880,Wrestling
2024-08-08,Bronze Medal,1550116,Wrestling
2024-08-08,Bronze Medal,1879518,Wrestling
2024-08-08,Gold Medal,1939711,Wrestling
2024-08-08,Silver Medal,1960228,Wrestling
2024-08-08,Bronze Medal,1980149,Wrestling
2024-08-08,Bronze Medal,1920006,Wrestling
2024-08-09,Gold Medal,1960684,Athletics
2024-08-09,Silver Medal,1894095,Athletics
2024-08-09,Bronze Medal,1951913,Athletics
2024-08-09,Gold Medal,1904099,Athletics
2024-08-09,Silver Medal,1938792,Athletics
2024-08-09,Bronze Medal,1552375,Athletics
2024-08-09,Gold Medal,1910560,Athletics
2024-08-09,Silver Medal,1552305,Athletics
2024-08-09,Bronze Medal,1972105,Athletics
2024-08-09,Gold Medal,1899666,Athletics
2024-08-09,Silver Medal,1915338,Athletics
2024-08-09,Bronze Medal,1573098,Athletics
2024-08-09,Gold Medal,1920183,Athletics
2024-08-09,Silver Medal,1926695,Athletics
2024-08-09,Bronze Medal,1919065,Athletics
2024-08-09,Gold Medal,1556797,Boxing
2024-08-09,Silver Medal,1535187,Boxing
2024-08-09,Gold Medal,1556860,Boxing
2024-08-09,Silver Medal,1972343,Boxing
2024-08-09,Gold Medal,1926833,Boxing
2024-08-09,Silver Medal,1568182,Boxing
2024-08-09,Gold Medal,1540353,Boxing
2024-08-09,Silver Medal,1926827,Boxing
2024-08-09,Gold Medal,1953038,Breaking
2024-08-09,Silver Medal,1924559,Breaking
2024-08-09,Bronze Medal,1909907,Breaking
2024-08-09,Gold Medal,1878716,Canoe Sprint
2024-08-09,Silver Medal,1952595,Canoe Sprint
2024-08-09,Bronze Medal,1550295,Canoe Sprint
2024-08-09,Gold Medal,1969182,Cycling Track
2024-08-09,Silver Medal,1940263,Cycling Track
2024-08-09,Bronze Medal,1912515,Cycling Track
2024-08-09,Gold Medal,1901538,Diving
2024-08-09,Silver Medal,1940414,Diving
2024-08-09,Bronze Medal,1901539,Diving
2024-08-09,Gold Medal,1909030,Marathon Swimming
2024-08-09,Silver Medal,1907234,Marathon Swimming
2024-08-09,Bronze Medal,1902450,Marathon Swimming
2024-08-09,Gold Medal,1566437,Sailing
2024-08-09,Silver Medal,1981549,Sailing
2024-08-09,Bronze Medal,1535852,Sailing
2024-08-09,Gold Medal,1544218,Sport Climbing
2024-08-09,Silver Medal,1892022,Sport Climbing
2024-08-09,Bronze Medal,1560677,Sport Climbing
2024-08-09,Gold Medal,1947737,Taekwondo
2024-08-09,Silver Medal,1536058,Taekwondo
2024-08-09,Bronze Medal,1929685,Taekwondo
2024-08-09,Bronze Medal,1914832,Taekwondo
2024-08-09,Gold Medal,1572318,Taekwondo
2024-08-09,Silver Medal,1956372,Taekwondo
2024-08-09,Bronze Medal,1930773,Taekwondo
2024-08-09,Bronze Medal,1903284,Taekwondo
2024-08-09,Gold Medal,1903011,Weightlifting
2024-08-09,Silver Medal,1543506,Weightlifting
2024-08-09,Bronze Medal,1568724,Weightlifting
2024-08-09,Gold Medal,1917154,Weightlifting
2024-08-09,Silver Medal,1543509,Weightlifting
2024-08-09,Bronze Medal,1940300,Weightlifting
2024-08-09,Gold Medal,1939714,Wrestling
2024-08-09,Silver Medal,1955415,Wrestling
2024-08-09,Bronze Medal,1931496,Wrestling
2024-08-09,Bronze Medal,1562157,Wrestling
2024-08-09,Gold Medal,1556873,Wrestling
2024-08-09,Silver Medal,1544803,Wrestling
2024-08-09,Bronze Medal,1955300,Wrestling
2024-08-09,Bronze Medal,1963800,Wrestling
2024-08-09,Gold Medal,1939710,Wrestling
2024-08-09,Silver Medal,1572203,Wrestling
2024-08-09,Bronze Medal,1955426,Wrestling
2024-08-09,Bronze Medal,1920010,Wrestling
2024-08-10,Gold Medal,1898250,Athletics
2024-08-10,Silver Medal,1963077,Athletics
2024-08-10,Bronze Medal,1960959,Athletics
2024-08-10,Gold Medal,1910412,Athletics
2024-08-10,Silver Medal,1974048,Athletics
2024-08-10,Bronze Medal,1963520,Athletics
2024-08-10,Gold Medal,1926713,Athletics
2024-08-10,Silver Medal,1965306,Athletics
2024-08-10,Bronze Medal,1566681,Athletics
2024-08-10,Gold Medal,1901284,Athletics
2024-08-10,Silver Medal,1942753,Athletics
2024-08-10,Bronze Medal,1910555,Athletics
2024-08-10,Gold Medal,1960169,Athletics
2024-08-10,Silver Medal,1911932,Athletics
2024-08-10,Bronze Medal,1537183,Athletics
2024-08-10,Gold Medal,1910451,Athletics
2024-08-10,Silver Medal,1939795,Athletics
2024-08-10,Bronze Medal,1956840,Athletics
2024-08-10,Gold Medal,1919914,Athletics
2024-08-10,Silver Medal,1981085,Athletics
2024-08-10,Bronze Medal,1892137,Athletics
2024-08-10,Gold Medal,1556869,Boxing
2024-08-10,Silver Medal,1934775,Boxing
2024-08-10,Gold Medal,1556049,Boxing
2024-08-10,Silver Medal,1878687,Boxing
2024-08-10,Gold Medal,1887963,Boxing
2024-08-10,Silver Medal,1568655,Boxing
2024-08-10,Gold Medal,1926826,Boxing
2024-08-10,Silver Medal,1965679,Boxing
2024-08-10,Gold Medal,1958888,Breaking
2024-08-10,Silver Medal,1880191,Breaking
2024-08-10,Bronze Medal,1955590,Breaking
2024-08-10,Gold Medal,1878715,Canoe Sprint
2024-08-10,Silver Medal,1570863,Canoe Sprint
2024-08-10,Bronze Medal,1569972,Canoe Sprint
2024-08-10,Gold Medal,1964547,Canoe Sprint
2024-08-10,Silver Medal,1955126,Canoe Sprint
2024-08-10,Bronze Medal,1564506,Canoe Sprint
2024-08-10,Gold Medal,1945383,Canoe Sprint
2024-08-10,Silver Medal,1568350,Canoe Sprint
2024-08-10,Bronze Medal,1892423,Canoe Sprint
2024-08-10,Gold Medal,1901556,Diving
2024-08-10,Silver Medal,1891685,Diving
2024-08-10,Bronze Medal,1900857,Diving
2024-08-10,Gold Medal,1939553,Golf
2024-08-10,Silver Medal,1892506,Golf
2024-08-10,Bronze Medal,1913218,Golf
2024-08-10,Gold Medal,1932649,Modern Pentathlon
2024-08-10,Silver Medal,1887939,Modern Pentathlon
2024-08-10,Bronze Medal,1553031,Modern Pentathlon
2024-08-10,Gold Medal,1981131,Sport Climbing
2024-08-10,Silver Medal,1950307,Sport Climbing
2024-08-10,Bronze Medal,1560673,Sport Climbing
2024-08-10,Gold Medal,1536045,Taekwondo
2024-08-10,Silver Medal,1896149,Taekwondo
2024-08-10,Bronze Medal,1897088,Taekwondo
2024-08-10,Bronze Medal,1548401,Taekwondo
2024-08-10,Gold Medal,1893272,Taekwondo
2024-08-10,Silver Medal,1887768,Taekwondo
2024-08-10,Bronze Medal,1904039,Taekwondo
2024-08-10,Bronze Medal,1566738,Taekwondo
2024-08-10,Gold Medal,1551443,Weightlifting
2024-08-10,Silver Medal,1544424,Weightlifting
2024-08-10,Bronze Medal,1540334,Weightlifting
2024-08-10,Gold Medal,1918369,Weightlifting
2024-08-10,Silver Medal,1551307,Weightlifting
2024-08-10,Bronze Medal,1569832,Weightlifting
2024-08-10,Gold Medal,1878625,Weightlifting
2024-08-10,Silver Medal,1563010,Weightlifting
2024-08-10,Bronze Medal,1940308,Weightlifting
2024-08-10,Gold Medal,1554885,Wrestling
2024-08-10,Silver Medal,1543088,Wrestling
2024-08-10,Bronze Medal,1570546,Wrestling
2024-08-10,Bronze Medal,1947172,Wrestling
2024-08-10,Gold Medal,1562164,Wrestling
2024-08-10,Silver Medal,1939708,Wrestling
2024-08-10,Bronze Medal,1955345,Wrestling
2024-08-10,Bronze Medal,3429662,Wrestling
2024-08-10,Gold Medal,1939702,Wrestling
2024-08-10,Silver Medal,1897022,Wrestling
2024-08-10,Bronze Medal,1902786,Wrestling
2024-08-10,Bronze Medal,1878635,Wrestling
2024-08-11,Gold Medal,1972105,Athletics
2024-08-11,Silver Medal,1901487,Athletics
2024-08-11,Bronze Medal,1932851,Athletics
2024-08-11,Gold Medal,1969182,Cycling Track
2024-08-11,Silver Medal,1940263,Cycling Track
2024-08-11,Bronze Medal,1940262,Cycling Track
2024-08-11,Gold Medal,1955106,Cycling Track
2024-08-11,Silver Medal,1572953,Cycling Track
2024-08-11,Bronze Medal,1945080,Cycling Track
2024-08-11,Gold Medal,1945040,Cycling Track
2024-08-11,Silver Medal,1889704,Cycling Track
2024-08-11,Bronze Medal,1912522,Cycling Track
2024-08-11,Gold Medal,1936619,Modern Pentathlon
2024-08-11,Silver Medal,1545116,Modern Pentathlon
2024-08-11,Bronze Medal,1786902,Modern Pentathlon
2024-08-11,Gold Medal,1918376,Weightlifting
2024-08-11,Silver Medal,1894414,Weightlifting
2024-08-11,Bronze Medal,1544179,Weightlifting
2024-08-11,Gold Medal,1939700,Wrestling
2024-08-11,Silver Medal,1544830,Wrestling
2024-08-11,Bronze Medal,1537188,Wrestling
2024-08-11,Bronze Medal,1559387,Wrestling
2024-08-11,Gold Medal,1540305,Wrestling
2024-08-11,Silver Medal,1552495,Wrestling
2024-08-11,Bronze Medal,1981785,Wrestling
2024-08-11,Bronze Medal,1543095,Wrestling
2024-08-11,Gold Medal,1939701,Wrestling
2024-08-11,Silver Medal,1955344,Wrestling
2024-08-11,Bronze Medal,1571936,Wrestling
2024-08-11,Bronze Medal,1535513,Wrestling
2024-08-09,Gold Medal,1896230,Rhythmic Gymnastics
2024-08-09,Silver Medal,1548948,Rhythmic Gymnastics
2024-08-09,Bronze Medal,1923694,Rhythmic Gymnastics
2024-08-09,Gold Medal,1903112,Athletics
2024-08-09,Silver Medal,1977926,Athletics
2024-08-09,Bronze Medal,1895596,Athletics
2024-07-27,Gold Medal,1901539,Diving
2024-07-27,Gold Medal,1901538,Diving
2024-07-27,Silver Medal,1954159,Diving
2024-07-27,Silver Medal,1954168,Diving
2024-07-27,Bronze Medal,1900841,Diving
2024-07-27,Bronze Medal,1973355,Diving
2024-07-27,Gold Medal,1879682,Rugby Sevens
2024-07-27,Gold Medal,1879687,Rugby Sevens
2024-07-27,Gold Medal,1879683,Rugby Sevens
2024-07-27,Gold Medal,1879671,Rugby Sevens
2024-07-27,Gold Medal,1879681,Rugby Sevens
2024-07-27,Gold Medal,1879684,Rugby Sevens
2024-07-27,Gold Medal,1879675,Rugby Sevens
2024-07-27,Gold Medal,1879692,Rugby Sevens
2024-07-27,Gold Medal,1879672,Rugby Sevens
2024-07-27,Gold Medal,1879661,Rugby Sevens
2024-07-27,Gold Medal,1879669,Rugby Sevens
2024-07-27,Gold Medal,1879685,Rugby Sevens
2024-07-27,Gold Medal,1879670,Rugby Sevens
2024-07-27,Silver Medal,1908897,Rugby Sevens
2024-07-27,Silver Medal,1908838,Rugby Sevens
2024-07-27,Silver Medal,1913346,Rugby Sevens
2024-07-27,Silver Medal,1977633,Rugby Sevens
2024-07-27,Silver Medal,1913523,Rugby Sevens
2024-07-27,Silver Medal,1982069,Rugby Sevens
2024-07-27,Silver Medal,1913286,Rugby Sevens
2024-07-27,Silver Medal,1913334,Rugby Sevens
2024-07-27,Silver Medal,1908911,Rugby Sevens
2024-07-27,Silver Medal,1908835,Rugby Sevens
2024-07-27,Silver Medal,1908841,Rugby Sevens
2024-07-27,Silver Medal,2484588,Rugby Sevens
2024-07-27,Silver Medal,1982687,Rugby Sevens
2024-07-27,Silver Medal,1908901,Rugby Sevens
2024-07-27,Bronze Medal,1574106,Rugby Sevens
2024-07-27,Bronze Medal,1574107,Rugby Sevens
2024-07-27,Bronze Medal,1574108,Rugby Sevens
2024-07-27,Bronze Medal,1574109,Rugby Sevens
2024-07-27,Bronze Medal,1888936,Rugby Sevens
2024-07-27,Bronze Medal,1574111,Rugby Sevens
2024-07-27,Bronze Medal,1574134,Rugby Sevens
2024-07-27,Bronze Medal,1888932,Rugby Sevens
2024-07-27,Bronze Medal,1574114,Rugby Sevens
2024-07-27,Bronze Medal,1574121,Rugby Sevens
2024-07-27,Bronze Medal,1574118,Rugby Sevens
2024-07-27,Bronze Medal,1574119,Rugby Sevens
2024-07-27,Bronze Medal,1574112,Rugby Sevens
2024-07-27,Gold Medal,1913945,Shooting
2024-07-27,Gold Medal,1913899,Shooting
2024-07-27,Silver Medal,1893896,Shooting
2024-07-27,Silver Medal,1893976,Shooting
2024-07-27,Bronze Medal,1930466,Shooting
2024-07-27,Bronze Medal,1930467,Shooting
2024-07-27,Gold Medal,1935916,Swimming
2024-07-27,Gold Medal,1935933,Swimming
2024-07-27,Gold Medal,1935871,Swimming
2024-07-27,Gold Medal,1935896,Swimming
2024-07-27,Gold Medal,1935869,Swimming
2024-07-27,Gold Medal,1935911,Swimming
2024-07-27,Silver Medal,1946186,Swimming
2024-07-27,Silver Medal,1946235,Swimming
2024-07-27,Silver Medal,1946179,Swimming
2024-07-27,Silver Medal,1946200,Swimming
2024-07-27,Silver Medal,1946196,Swimming
2024-07-27,Bronze Medal,1925669,Swimming
2024-07-27,Bronze Medal,1925681,Swimming
2024-07-27,Bronze Medal,1925675,Swimming
2024-07-27,Bronze Medal,1925634,Swimming
2024-07-27,Bronze Medal,1925635,Swimming
2024-07-27,Bronze Medal,1925636,Swimming
2024-07-27,Gold Medal,1946221,Swimming
2024-07-27,Gold Medal,1946159,Swimming
2024-07-27,Gold Medal,1946212,Swimming
2024-07-27,Gold Medal,1946177,Swimming
2024-07-27,Gold Medal,1946227,Swimming
2024-07-27,Gold Medal,1946218,Swimming
2024-07-27,Silver Medal,1935860,Swimming
2024-07-27,Silver Medal,1935945,Swimming
2024-07-27,Silver Medal,1935879,Swimming
2024-07-27,Silver Medal,1935895,Swimming
2024-07-27,Silver Medal,1935923,Swimming
2024-07-27,Silver Medal,1935998,Swimming
2024-07-27,Bronze Medal,1945230,Swimming
2024-07-27,Bronze Medal,1945206,Swimming
2024-07-27,Bronze Medal,1945164,Swimming
2024-07-27,Bronze Medal,1945159,Swimming
2024-07-27,Bronze Medal,1945125,Swimming
2024-07-28,Gold Medal,1902121,Archery
2024-07-28,Gold Medal,1902147,Archery
2024-07-28,Gold Medal,1902148,Archery
2024-07-28,Silver Medal,1913382,Archery
2024-07-28,Silver Medal,1913372,Archery
2024-07-28,Silver Medal,1913380,Archery
2024-07-28,Bronze Medal,1535429,Archery
2024-07-28,Bronze Medal,1535420,Archery
2024-07-28,Bronze Medal,1536479,Archery
2024-07-29,Gold Medal,1902130,Archery
2024-07-29,Gold Medal,1902135,Archery
2024-07-29,Gold Medal,1902144,Archery
2024-07-29,Silver Medal,1541270,Archery
2024-07-29,Silver Medal,1541272,Archery
2024-07-29,Silver Medal,1541275,Archery
2024-07-29,Bronze Medal,1565000,Archery
2024-07-29,Bronze Medal,1565002,Archery
2024-07-29,Bronze Medal,1565006,Archery
2024-07-29,Gold Medal,1919492,Artistic Gymnastics
2024-07-29,Gold Medal,1919491,Artistic Gymnastics
2024-07-29,Gold Medal,1919480,Artistic Gymnastics
2024-07-29,Gold Medal,1919479,Artistic Gymnastics
2024-07-29,Gold Medal,1919490,Artistic Gymnastics
2024-07-29,Silver Medal,1918856,Artistic Gymnastics
2024-07-29,Silver Medal,1918858,Artistic Gymnastics
2024-07-29,Silver Medal,1918860,Artistic Gymnastics
2024-07-29,Silver Medal,1918864,Artistic Gymnastics
2024-07-29,Silver Medal,1918865,Artistic Gymnastics
2024-07-29,Bronze Medal,1959781,Artistic Gymnastics
2024-07-29,Bronze Medal,1959855,Artistic Gymnastics
2024-07-29,Bronze Medal,1959823,Artistic Gymnastics
2024-07-29,Bronze Medal,1959865,Artistic Gymnastics
2024-07-29,Bronze Medal,1959811,Artistic Gymnastics
2024-07-29,Gold Medal,1901555,Diving
2024-07-29,Gold Medal,1901554,Diving
2024-07-29,Silver Medal,1900838,Diving
2024-07-29,Silver Medal,1900857,Diving
2024-07-29,Bronze Medal,1959146,Diving
2024-07-29,Bronze Medal,1959132,Diving
2024-07-29,Gold Medal,1970917,Equestrian
2024-07-29,Gold Medal,1970898,Equestrian
2024-07-29,Gold Medal,1970892,Equestrian
2024-07-29,Gold Medal,1970912,Equestrian
2024-07-29,Silver Medal,1899846,Equestrian
2024-07-29,Silver Medal,1899847,Equestrian
2024-07-29,Silver Medal,1899866,Equestrian
2024-07-29,Silver Medal,1899848,Equestrian
2024-07-29,Bronze Medal,1946432,Equestrian
2024-07-29,Bronze Medal,1946434,Equestrian
2024-07-29,Bronze Medal,1946438,Equestrian
2024-07-29,Bronze Medal,1946428,Equestrian
2024-07-30,Gold Medal,1959861,Artistic Gymnastics
2024-07-30,Gold Medal,1959819,Artistic Gymnastics
2024-07-30,Gold Medal,1959825,Artistic Gymnastics
2024-07-30,Gold Medal,1959866,Artistic Gymnastics
2024-07-30,Gold Medal,1959814,Artistic Gymnastics
2024-07-30,Silver Medal,1560761,Artistic Gymnastics
2024-07-30,Silver Medal,1551061,Artistic Gymnastics
2024-07-30,Silver Medal,1560762,Artistic Gymnastics
2024-07-30,Silver Medal,1560760,Artistic Gymnastics
2024-07-30,Silver Medal,1560759,Artistic Gymnastics
2024-07-30,Bronze Medal,1953634,Artistic Gymnastics
2024-07-30,Bronze Medal,1953624,Artistic Gymnastics
2024-07-30,Bronze Medal,1953630,Artistic Gymnastics
2024-07-30,Bronze Medal,1953620,Artistic Gymnastics
2024-07-30,Bronze Medal,1953626,Artistic Gymnastics
2024-07-30,Gold Medal,1924585,Fencing
2024-07-30,Gold Medal,1924588,Fencing
2024-07-30,Gold Medal,1924587,Fencing
2024-07-30,Gold Medal,1924586,Fencing
2024-07-30,Silver Medal,1916182,Fencing
2024-07-30,Silver Medal,1916183,Fencing
2024-07-30,Silver Medal,1916184,Fencing
2024-07-30,Silver Medal,1916185,Fencing
2024-07-30,Bronze Medal,1894213,Fencing
2024-07-30,Bronze Medal,1894214,Fencing
2024-07-30,Bronze Medal,1894223,Fencing
2024-07-30,Bronze Medal,1894217,Fencing
2024-07-30,Gold Medal,1926596,Rugby Sevens
2024-07-30,Gold Medal,1926667,Rugby Sevens
2024-07-30,Gold Medal,1926592,Rugby Sevens
2024-07-30,Gold Medal,1926629,Rugby Sevens
2024-07-30,Gold Medal,1926632,Rugby Sevens
2024-07-30,Gold Medal,1926635,Rugby Sevens
2024-07-30,Gold Medal,1926644,Rugby Sevens
2024-07-30,Gold Medal,1926676,Rugby Sevens
2024-07-30,Gold Medal,1926634,Rugby Sevens
2024-07-30,Gold Medal,1926647,Rugby Sevens
2024-07-30,Gold Medal,1926646,Rugby Sevens
2024-07-30,Gold Medal,1926593,Rugby Sevens
2024-07-30,Silver Medal,1960779,Rugby Sevens
2024-07-30,Silver Medal,1960762,Rugby Sevens
2024-07-30,Silver Medal,1960778,Rugby Sevens
2024-07-30,Silver Medal,1960797,Rugby Sevens
2024-07-30,Silver Medal,1960781,Rugby Sevens
2024-07-30,Silver Medal,1960837,Rugby Sevens
2024-07-30,Silver Medal,1960826,Rugby Sevens
2024-07-30,Silver Medal,1960812,Rugby Sevens
2024-07-30,Silver Medal,1960822,Rugby Sevens
2024-07-30,Silver Medal,1960765,Rugby Sevens
2024-07-30,Silver Medal,1960803,Rugby Sevens
2024-07-30,Silver Medal,1960834,Rugby Sevens
2024-07-30,Silver Medal,1960817,Rugby Sevens
2024-07-30,Silver Medal,1960832,Rugby Sevens
2024-07-30,Bronze Medal,1950500,Rugby Sevens
2024-07-30,Bronze Medal,1950498,Rugby Sevens
2024-07-30,Bronze Medal,1950485,Rugby Sevens
2024-07-30,Bronze Medal,1950504,Rugby Sevens
2024-07-30,Bronze Medal,1950494,Rugby Sevens
2024-07-30,Bronze Medal,1950487,Rugby Sevens
2024-07-30,Bronze Medal,1950505,Rugby Sevens
2024-07-30,Bronze Medal,1950502,Rugby Sevens
2024-07-30,Bronze Medal,1950499,Rugby Sevens
2024-07-30,Bronze Medal,1950501,Rugby Sevens
2024-07-30,Bronze Medal,1950496,Rugby Sevens
2024-07-30,Bronze Medal,1950495,Rugby Sevens
2024-07-30,Gold Medal,1956347,Shooting
2024-07-30,Gold Medal,1956356,Shooting
2024-07-30,Silver Medal,1564886,Shooting
2024-07-30,Silver Medal,1564893,Shooting
2024-07-30,Bronze Medal,1538159,Shooting
2024-07-30,Bronze Medal,1545464,Shooting
2024-07-30,Gold Medal,1903552,Swimming
2024-07-30,Gold Medal,1903602,Swimming
2024-07-30,Gold Medal,1903531,Swimming
2024-07-30,Gold Medal,1903546,Swimming
2024-07-30,Gold Medal,1903617,Swimming
2024-07-30,Gold Medal,1903621,Swimming
2024-07-30,Silver Medal,1935931,Swimming
2024-07-30,Silver Medal,1935887,Swimming
2024-07-30,Silver Medal,1935968,Swimming
2024-07-30,Silver Medal,1935911,Swimming
2024-07-30,Silver Medal,1935903,Swimming
2024-07-30,Silver Medal,1935918,Swimming
2024-07-30,Silver Medal,1935982,Swimming
2024-07-30,Bronze Medal,1946196,Swimming
2024-07-30,Bronze Medal,1946237,Swimming
2024-07-30,Bronze Medal,1946179,Swimming
2024-07-30,Bronze Medal,1946231,Swimming
2024-07-30,Bronze Medal,1946211,Swimming
2024-07-30,Bronze Medal,1946172,Swimming
2024-07-30,Gold Medal,1902301,Table Tennis
2024-07-30,Gold Medal,1902313,Table Tennis
2024-07-30,Silver Medal,1980143,Table Tennis
2024-07-30,Silver Medal,1980142,Table Tennis
2024-07-30,Bronze Medal,1936429,Table Tennis
2024-07-30,Bronze Medal,1936435,Table Tennis
2024-07-31,Gold Medal,1901544,Diving
2024-07-31,Gold Medal,1901545,Diving
2024-07-31,Silver Medal,1980116,Diving
2024-07-31,Silver Medal,1980115,Diving
2024-07-31,Bronze Medal,1900855,Diving
2024-07-31,Bronze Medal,1900856,Diving
2024-07-31,Gold Medal,1927116,Fencing
2024-07-31,Gold Medal,1927149,Fencing
2024-07-31,Gold Medal,1927151,Fencing
2024-07-31,Gold Medal,1927115,Fencing
2024-07-31,Silver Medal,1946361,Fencing
2024-07-31,Silver Medal,1946565,Fencing
2024-07-31,Silver Medal,1946558,Fencing
2024-07-31,Silver Medal,1946444,Fencing
2024-07-31,Bronze Medal,1916230,Fencing
2024-07-31,Bronze Medal,1916231,Fencing
2024-07-31,Bronze Medal,1916232,Fencing
2024-07-31,Bronze Medal,1916234,Fencing
2024-07-31,Gold Medal,1965580,Rowing
2024-07-31,Gold Medal,1965600,Rowing
2024-07-31,Gold Medal,1965586,Rowing
2024-07-31,Gold Medal,1965584,Rowing
2024-07-31,Silver Medal,1547863,Rowing
2024-07-31,Silver Medal,1560781,Rowing
2024-07-31,Silver Medal,1547871,Rowing
2024-07-31,Silver Medal,1947115,Rowing
2024-07-31,Bronze Medal,1928529,Rowing
2024-07-31,Bronze Medal,1928520,Rowing
2024-07-31,Bronze Medal,1928551,Rowing
2024-07-31,Bronze Medal,1928530,Rowing
2024-07-31,Gold Medal,1901074,Rowing
2024-07-31,Gold Medal,1901091,Rowing
2024-07-31,Gold Medal,1901027,Rowing
2024-07-31,Gold Medal,1901039,Rowing
2024-07-31,Silver Medal,1965563,Rowing
2024-07-31,Silver Medal,1965565,Rowing
2024-07-31,Silver Medal,1965572,Rowing
2024-07-31,Silver Medal,1965573,Rowing
2024-07-31,Bronze Medal,1906511,Rowing
2024-07-31,Bronze Medal,1906506,Rowing
2024-07-31,Bronze Medal,1906494,Rowing
2024-07-31,Bronze Medal,1906483,Rowing
2024-08-01,Gold Medal,1950643,Fencing
2024-08-01,Gold Medal,1950611,Fencing
2024-08-01,Gold Medal,1950584,Fencing
2024-08-01,Gold Medal,1950659,Fencing
2024-08-01,Silver Medal,1924276,Fencing
2024-08-01,Silver Medal,1924277,Fencing
2024-08-01,Silver Medal,1924275,Fencing
2024-08-01,Silver Medal,1924279,Fencing
2024-08-01,Bronze Medal,1896544,Fencing
2024-08-01,Bronze Medal,1896545,Fencing
2024-08-01,Bronze Medal,1896517,Fencing
2024-08-01,Bronze Medal,1896535,Fencing
2024-08-01,Gold Medal,1551186,Rowing
2024-08-01,Gold Medal,1551238,Rowing
2024-08-01,Silver Medal,1965589,Rowing
2024-08-01,Silver Medal,1965588,Rowing
2024-08-01,Bronze Medal,1544454,Rowing
2024-08-01,Bronze Medal,1543317,Rowing
2024-08-01,Gold Medal,1944727,Rowing
2024-08-01,Gold Medal,1944631,Rowing
2024-08-01,Gold Medal,1944681,Rowing
2024-08-01,Gold Medal,1944652,Rowing
2024-08-01,Silver Medal,1927001,Rowing
2024-08-01,Silver Medal,1927020,Rowing
2024-08-01,Silver Medal,1927019,Rowing
2024-08-01,Silver Medal,1926991,Rowing
2024-08-01,Bronze Medal,1901100,Rowing
2024-08-01,Bronze Medal,1901026,Rowing
2024-08-01,Bronze Medal,1901025,Rowing
2024-08-01,Bronze Medal,1901050,Rowing
2024-08-01,Gold Medal,1927028,Rowing
2024-08-01,Gold Medal,1927024,Rowing
2024-08-01,Silver Medal,1550303,Rowing
2024-08-01,Silver Medal,1550560,Rowing
2024-08-01,Bronze Medal,1901075,Rowing
2024-08-01,Bronze Medal,1901099,Rowing
2024-08-01,Gold Medal,1965560,Rowing
2024-08-01,Gold Medal,1965567,Rowing
2024-08-01,Gold Medal,1965566,Rowing
2024-08-01,Gold Medal,1965557,Rowing
2024-08-01,Silver Medal,1901028,Rowing
2024-08-01,Silver Medal,1901037,Rowing
2024-08-01,Silver Medal,1901086,Rowing
2024-08-01,Silver Medal,1901092,Rowing
2024-08-01,Bronze Medal,1926998,Rowing
2024-08-01,Bronze Medal,1927007,Rowing
2024-08-01,Bronze Medal,1927003,Rowing
2024-08-01,Bronze Medal,1926999,Rowing
2024-08-01,Gold Medal,1946201,Swimming
2024-08-01,Gold Medal,1946188,Swimming
2024-08-01,Gold Medal,1946157,Swimming
2024-08-01,Gold Medal,1946227,Swimming
2024-08-01,Gold Medal,1946218,Swimming
2024-08-01,Gold Medal,1946150,Swimming
2024-08-01,Silver Medal,1935967,Swimming
2024-08-01,Silver Medal,1935907,Swimming
2024-08-01,Silver Medal,1935945,Swimming
2024-08-01,Silver Medal,1935979,Swimming
2024-08-01,Silver Medal,1935938,Swimming
2024-08-01,Silver Medal,1935943,Swimming
2024-08-01,Silver Medal,1936000,Swimming
2024-08-01,Bronze Medal,1945224,Swimming
2024-08-01,Bronze Medal,1945222,Swimming
2024-08-01,Bronze Medal,1945171,Swimming
2024-08-01,Bronze Medal,1945223,Swimming
2024-08-01,Bronze Medal,1945169,Swimming
2024-08-01,Bronze Medal,1945159,Swimming
2024-08-02,Gold Medal,1902147,Archery
2024-08-02,Gold Medal,1902135,Archery
2024-08-02,Silver Medal,1553258,Archery
2024-08-02,Silver Medal,1553249,Archery
2024-08-02,Bronze Medal,1955601,Archery
2024-08-02,Bronze Medal,1955595,Archery
2024-08-02,Gold Medal,1913418,Badminton
2024-08-02,Gold Medal,1913432,Badminton
2024-08-02,Silver Medal,1891507,Badminton
2024-08-02,Silver Medal,1891502,Badminton
2024-08-02,Bronze Medal,1541614,Badminton
2024-08-02,Bronze Medal,1541619,Badminton
2024-08-02,Gold Medal,1901551,Diving
2024-08-02,Gold Medal,1901549,Diving
2024-08-02,Silver Medal,1536197,Diving
2024-08-02,Silver Medal,1535349,Diving
2024-08-02,Bronze Medal,1900840,Diving
2024-08-02,Bronze Medal,1900848,Diving
2024-08-02,Gold Medal,1970891,Equestrian
2024-08-02,Gold Medal,1970896,Equestrian
2024-08-02,Gold Medal,1979168,Equestrian
2024-08-02,Gold Medal,1970925,Equestrian
2024-08-02,Silver Medal,1951875,Equestrian
2024-08-02,Silver Medal,1951819,Equestrian
2024-08-02,Silver Medal,1951840,Equestrian
2024-08-02,Silver Medal,1951802,Equestrian
2024-08-02,Bronze Medal,1899865,Equestrian
2024-08-02,Bronze Medal,1899843,Equestrian
2024-08-02,Bronze Medal,1899845,Equestrian
2024-08-02,Bronze Medal,1899856,Equestrian
2024-08-02,Gold Medal,1946450,Fencing
2024-08-02,Gold Medal,1946370,Fencing
2024-08-02,Gold Medal,1946278,Fencing
2024-08-02,Gold Medal,1946379,Fencing
2024-08-02,Silver Medal,1896548,Fencing
2024-08-02,Silver Medal,1896554,Fencing
2024-08-02,Silver Medal,1896549,Fencing
2024-08-02,Silver Medal,1896538,Fencing
2024-08-02,Bronze Medal,1914523,Fencing
2024-08-02,Bronze Medal,1914535,Fencing
2024-08-02,Bronze Medal,1914540,Fencing
2024-08-02,Bronze Medal,1914531,Fencing
2024-08-02,Gold Medal,1543322,Rowing
2024-08-02,Gold Medal,1572444,Rowing
2024-08-02,Silver Medal,1547870,Rowing
2024-08-02,Silver Medal,1547873,Rowing
2024-08-02,Bronze Medal,1977132,Rowing
2024-08-02,Bronze Medal,1977153,Rowing
2024-08-02,Gold Medal,1901048,Rowing
2024-08-02,Gold Medal,1901071,Rowing
2024-08-02,Silver Medal,1550661,Rowing
2024-08-02,Silver Medal,1550384,Rowing
2024-08-02,Bronze Medal,1977101,Rowing
2024-08-02,Bronze Medal,1977159,Rowing
2024-08-02,Gold Medal,1916685,Rowing
2024-08-02,Gold Medal,1921490,Rowing
2024-08-02,Silver Medal,1901101,Rowing
2024-08-02,Silver Medal,1901066,Rowing
2024-08-02,Bronze Medal,1977804,Rowing
2024-08-02,Bronze Medal,1976556,Rowing
2024-08-02,Gold Medal,1965559,Rowing
2024-08-02,Gold Medal,1965556,Rowing
2024-08-02,Silver Medal,1550789,Rowing
2024-08-02,Silver Medal,1550289,Rowing
2024-08-02,Bronze Medal,1945670,Rowing
2024-08-02,Bronze Medal,1945644,Rowing
2024-08-02,Gold Medal,1959270,Sailing
2024-08-02,Gold Medal,1959294,Sailing
2024-08-02,Silver Medal,1918833,Sailing
2024-08-02,Silver Medal,1918834,Sailing
2024-08-02,Bronze Medal,1950366,Sailing
2024-08-02,Bronze Medal,1950381,Sailing
2024-08-02,Gold Medal,1970495,Sailing
2024-08-02,Gold Medal,1970514,Sailing
2024-08-02,Silver Medal,1564653,Sailing
2024-08-02,Silver Medal,1564657,Sailing
2024-08-02,Bronze Medal,1559558,Sailing
2024-08-02,Bronze Medal,1559559,Sailing
2024-08-02,Gold Medal,1901342,Tennis
2024-08-02,Gold Medal,1901333,Tennis
2024-08-02,Silver Medal,1927719,Tennis
2024-08-02,Silver Medal,1927704,Tennis
2024-08-02,Bronze Medal,1972627,Tennis
2024-08-02,Bronze Medal,1972646,Tennis
2024-08-03,Gold Medal,1972116,Athletics
2024-08-03,Gold Medal,1972234,Athletics
2024-08-03,Gold Medal,1972078,Athletics
2024-08-03,Gold Medal,1972115,Athletics
2024-08-03,Gold Medal,1972240,Athletics
2024-08-03,Gold Medal,1972077,Athletics
2024-08-03,Silver Medal,1960590,Athletics
2024-08-03,Silver Medal,1960111,Athletics
2024-08-03,Silver Medal,4979564,Athletics
2024-08-03,Silver Medal,1960650,Athletics
2024-08-03,Silver Medal,1960179,Athletics
2024-08-03,Silver Medal,4979557,Athletics
2024-08-03,Bronze Medal,1924406,Athletics
2024-08-03,Bronze Medal,1924426,Athletics
2024-08-03,Bronze Medal,1956844,Athletics
2024-08-03,Bronze Medal,1956853,Athletics
2024-08-03,Bronze Medal,1924383,Athletics
2024-08-03,Bronze Medal,1956846,Athletics
2024-08-03,Bronze Medal,1924464,Athletics
2024-08-03,Bronze Medal,1924506,Athletics
2024-08-03,Bronze Medal,1924509,Athletics
2024-08-03,Gold Medal,1913438,Badminton
2024-08-03,Gold Medal,1913439,Badminton
2024-08-03,Silver Medal,1913441,Badminton
2024-08-03,Silver Medal,1913442,Badminton
2024-08-03,Bronze Medal,1541630,Badminton
2024-08-03,Bronze Medal,1541629,Badminton
2024-08-03,Gold Medal,1914905,Equestrian
2024-08-03,Gold Medal,1914936,Equestrian
2024-08-03,Gold Medal,1914909,Equestrian
2024-08-03,Gold Medal,1914907,Equestrian
2024-08-03,Silver Medal,1892359,Equestrian
2024-08-03,Silver Medal,1892363,Equestrian
2024-08-03,Silver Medal,1892358,Equestrian
2024-08-03,Silver Medal,1892364,Equestrian
2024-08-03,Bronze Medal,1970905,Equestrian
2024-08-03,Bronze Medal,1970910,Equestrian
2024-08-03,Bronze Medal,1970921,Equestrian
2024-08-03,Bronze Medal,1970907,Equestrian
2024-08-03,Gold Medal,1897644,Fencing
2024-08-03,Gold Medal,1897638,Fencing
2024-08-03,Gold Medal,1897637,Fencing
2024-08-03,Gold Medal,1897633,Fencing
2024-08-03,Silver Medal,1927158,Fencing
2024-08-03,Silver Medal,1927123,Fencing
2024-08-03,Silver Medal,1927113,Fencing
2024-08-03,Silver Medal,1927122,Fencing
2024-08-03,Bronze Medal,1896542,Fencing
2024-08-03,Bronze Medal,1896519,Fencing
2024-08-03,Bronze Medal,1896541,Fencing
2024-08-03,Bronze Medal,1896522,Fencing
2024-08-03,Gold Medal,1891280,Judo
2024-08-03,Gold Medal,1891283,Judo
2024-08-03,Gold Medal,1891286,Judo
2024-08-03,Gold Medal,1891289,Judo
2024-08-03,Gold Medal,1891292,Judo
2024-08-03,Gold Medal,1891300,Judo
2024-08-03,Gold Medal,1891297,Judo
2024-08-03,Gold Medal,1891311,Judo
2024-08-03,Gold Medal,1891307,Judo
2024-08-03,Gold Medal,1891304,Judo
2024-08-03,Gold Medal,1891314,Judo
2024-08-03,Gold Medal,1891318,Judo
2024-08-03,Gold Medal,1891320,Judo
2024-08-03,Gold Medal,1891323,Judo
2024-08-03,Silver Medal,1896760,Judo
2024-08-03,Silver Medal,1896733,Judo
2024-08-03,Silver Medal,1896735,Judo
2024-08-03,Silver Medal,1896744,Judo
2024-08-03,Silver Medal,1896767,Judo
2024-08-03,Silver Medal,1896762,Judo
2024-08-03,Silver Medal,1896743,Judo
2024-08-03,Silver Medal,1896763,Judo
2024-08-03,Silver Medal,1896740,Judo
2024-08-03,Silver Medal,1896752,Judo
2024-08-03,Silver Medal,1896750,Judo
2024-08-03,Silver Medal,1896765,Judo
2024-08-03,Silver Medal,1896748,Judo
2024-08-03,Silver Medal,1896764,Judo
2024-08-03,Bronze Medal,1953817,Judo
2024-08-03,Bronze Medal,1953835,Judo
2024-08-03,Bronze Medal,1953812,Judo
2024-08-03,Bronze Medal,1953777,Judo
2024-08-03,Bronze Medal,1953781,Judo
2024-08-03,Bronze Medal,1953840,Judo
2024-08-03,Bronze Medal,1953832,Judo
2024-08-03,Bronze Medal,1953799,Judo
2024-08-03,Bronze Medal,1953816,Judo
2024-08-03,Bronze Medal,1953836,Judo
2024-08-03,Bronze Medal,1928067,Judo
2024-08-03,Bronze Medal,1940097,Judo
2024-08-03,Bronze Medal,1940098,Judo
2024-08-03,Bronze Medal,1928071,Judo
2024-08-03,Bronze Medal,1928070,Judo
2024-08-03,Bronze Medal,1928082,Judo
2024-08-03,Bronze Medal,1928064,Judo
2024-08-03,Bronze Medal,1928074,Judo
2024-08-03,Bronze Medal,1928066,Judo
2024-08-03,Bronze Medal,1928079,Judo
2024-08-03,Bronze Medal,1928072,Judo
2024-08-03,Gold Medal,1901045,Rowing
2024-08-03,Gold Medal,1901068,Rowing
2024-08-03,Gold Medal,1901036,Rowing
2024-08-03,Gold Medal,1901051,Rowing
2024-08-03,Gold Medal,1901062,Rowing
2024-08-03,Gold Medal,1901056,Rowing
2024-08-03,Gold Medal,1901089,Rowing
2024-08-03,Gold Medal,1901064,Rowing
2024-08-03,Gold Medal,1901041,Rowing
2024-08-03,Silver Medal,1965596,Rowing
2024-08-03,Silver Medal,1965587,Rowing
2024-08-03,Silver Medal,1965601,Rowing
2024-08-03,Silver Medal,1965592,Rowing
2024-08-03,Silver Medal,1965583,Rowing
2024-08-03,Silver Medal,1965548,Rowing
2024-08-03,Silver Medal,1965597,Rowing
2024-08-03,Silver Medal,1965581,Rowing
2024-08-03,Silver Medal,1965562,Rowing
2024-08-03,Bronze Medal,1944696,Rowing
2024-08-03,Bronze Medal,1944757,Rowing
2024-08-03,Bronze Medal,1944764,Rowing
2024-08-03,Bronze Medal,1944660,Rowing
2024-08-03,Bronze Medal,1944642,Rowing
2024-08-03,Bronze Medal,1944646,Rowing
2024-08-03,Bronze Medal,1944625,Rowing
2024-08-03,Bronze Medal,1944747,Rowing
2024-08-03,Bronze Medal,1944731,Rowing
2024-08-03,Gold Medal,1550630,Rowing
2024-08-03,Gold Medal,1550289,Rowing
2024-08-03,Gold Medal,1550303,Rowing
2024-08-03,Gold Medal,1550437,Rowing
2024-08-03,Gold Medal,1550285,Rowing
2024-08-03,Gold Medal,1550294,Rowing
2024-08-03,Gold Medal,1550789,Rowing
2024-08-03,Gold Medal,1550560,Rowing
2024-08-03,Gold Medal,1550542,Rowing
2024-08-03,Silver Medal,1967522,Rowing
2024-08-03,Silver Medal,4031142,Rowing
2024-08-03,Silver Medal,1967515,Rowing
2024-08-03,Silver Medal,1967511,Rowing
2024-08-03,Silver Medal,1967530,Rowing
2024-08-03,Silver Medal,1967517,Rowing
2024-08-03,Silver Medal,1967528,Rowing
2024-08-03,Silver Medal,1967508,Rowing
2024-08-03,Silver Medal,1967514,Rowing
2024-08-03,Bronze Medal,1901079,Rowing
2024-08-03,Bronze Medal,1901080,Rowing
2024-08-03,Bronze Medal,1901059,Rowing
2024-08-03,Bronze Medal,1901065,Rowing
2024-08-03,Bronze Medal,1901077,Rowing
2024-08-03,Bronze Medal,1901094,Rowing
2024-08-03,Bronze Medal,1901096,Rowing
2024-08-03,Bronze Medal,1901044,Rowing
2024-08-03,Bronze Medal,1901063,Rowing
2024-08-03,Gold Medal,1935984,Swimming
2024-08-03,Gold Medal,1935992,Swimming
2024-08-03,Gold Medal,1935896,Swimming
2024-08-03,Gold Medal,1935860,Swimming
2024-08-03,Gold Medal,1935901,Swimming
2024-08-03,Gold Medal,1935923,Swimming
2024-08-03,Gold Medal,1935957,Swimming
2024-08-03,Gold Medal,1935998,Swimming
2024-08-03,Silver Medal,1945132,Swimming
2024-08-03,Silver Medal,1945200,Swimming
2024-08-03,Silver Medal,1945125,Swimming
2024-08-03,Silver Medal,1945148,Swimming
2024-08-03,Silver Medal,1945128,Swimming
2024-08-03,Silver Medal,1945159,Swimming
2024-08-03,Bronze Medal,1946183,Swimming
2024-08-03,Bronze Medal,1946185,Swimming
2024-08-03,Bronze Medal,1946177,Swimming
2024-08-03,Bronze Medal,1946200,Swimming
2024-08-03,Bronze Medal,1946198,Swimming
2024-08-03,Bronze Medal,1946218,Swimming
2024-08-03,Bronze Medal,1946209,Swimming
2024-08-03,Bronze Medal,1946195,Swimming
2024-08-03,Gold Medal,1967767,Tennis
2024-08-03,Gold Medal,1967762,Tennis
2024-08-03,Silver Medal,1930790,Tennis
2024-08-03,Silver Medal,1930804,Tennis
2024-08-03,Bronze Medal,1930782,Tennis
2024-08-03,Bronze Medal,1930801,Tennis
2024-08-04,Gold Medal,1570107,Badminton
2024-08-04,Gold Medal,1570105,Badminton
2024-08-04,Silver Medal,1913424,Badminton
2024-08-04,Silver Medal,1913429,Badminton
2024-08-04,Bronze Medal,1566564,Badminton
2024-08-04,Bronze Medal,1569961,Badminton
2024-08-04,Gold Medal,1896550,Fencing
2024-08-04,Gold Medal,1896532,Fencing
2024-08-04,Gold Medal,1896553,Fencing
2024-08-04,Gold Medal,1896551,Fencing
2024-08-04,Silver Medal,1924291,Fencing
2024-08-04,Silver Medal,1924289,Fencing
2024-08-04,Silver Medal,1924287,Fencing
2024-08-04,Silver Medal,1924290,Fencing
2024-08-04,Bronze Medal,1916213,Fencing
2024-08-04,Bronze Medal,1916215,Fencing
2024-08-04,Bronze Medal,1916216,Fencing
2024-08-04,Bronze Medal,1916217,Fencing
2024-08-04,Gold Medal,1945132,Swimming
2024-08-04,Gold Medal,1945128,Swimming
2024-08-04,Gold Medal,1945149,Swimming
2024-08-04,Gold Medal,1945148,Swimming
2024-08-04,Gold Medal,1945127,Swimming
2024-08-04,Silver Medal,1935871,Swimming
2024-08-04,Silver Medal,1935992,Swimming
2024-08-04,Silver Medal,1935915,Swimming
2024-08-04,Silver Medal,1935869,Swimming
2024-08-04,Silver Medal,1935896,Swimming
2024-08-04,Silver Medal,1935901,Swimming
2024-08-04,Silver Medal,1935957,Swimming
2024-08-04,Bronze Medal,1909299,Swimming
2024-08-04,Bronze Medal,1909294,Swimming
2024-08-04,Bronze Medal,1909307,Swimming
2024-08-04,Bronze Medal,1909278,Swimming
2024-08-04,Bronze Medal,1909284,Swimming
2024-08-04,Bronze Medal,1909292,Swimming
2024-08-04,Gold Medal,1935873,Swimming
2024-08-04,Gold Medal,1935999,Swimming
2024-08-04,Gold Medal,1935979,Swimming
2024-08-04,Gold Medal,1935895,Swimming
2024-08-04,Gold Medal,1935923,Swimming
2024-08-04,Gold Medal,1935932,Swimming
2024-08-04,Gold Medal,1935984,Swimming
2024-08-04,Gold Medal,1935998,Swimming
2024-08-04,Silver Medal,1946183,Swimming
2024-08-04,Silver Medal,1946174,Swimming
2024-08-04,Silver Medal,1946146,Swimming
2024-08-04,Silver Medal,1946212,Swimming
2024-08-04,Silver Medal,1946177,Swimming
2024-08-04,Silver Medal,1946198,Swimming
2024-08-04,Silver Medal,1946218,Swimming
2024-08-04,Silver Medal,1946190,Swimming
2024-08-04,Bronze Medal,1945157,Swimming
2024-08-04,Bronze Medal,1945200,Swimming
2024-08-04,Bronze Medal,1945164,Swimming
2024-08-04,Bronze Medal,1945206,Swimming
2024-08-04,Bronze Medal,1945202,Swimming
2024-08-04,Bronze Medal,1945159,Swimming
2024-08-04,Bronze Medal,1945125,Swimming
2024-08-04,Gold Medal,1562409,Tennis
2024-08-04,Gold Medal,1910330,Tennis
2024-08-04,Silver Medal,1979734,Tennis
2024-08-04,Silver Medal,1979732,Tennis
2024-08-04,Bronze Medal,1563687,Tennis
2024-08-04,Bronze Medal,1563681,Tennis
2024-08-05,Gold Medal,1970800,3x3 Basketball
2024-08-05,Gold Medal,1970792,3x3 Basketball
2024-08-05,Gold Medal,1970796,3x3 Basketball
2024-08-05,Gold Medal,1970797,3x3 Basketball
2024-08-05,Silver Medal,1568595,3x3 Basketball
2024-08-05,Silver Medal,1568603,3x3 Basketball
2024-08-05,Silver Medal,1568606,3x3 Basketball
2024-08-05,Silver Medal,1568608,3x3 Basketball
2024-08-05,Bronze Medal,1943480,3x3 Basketball
2024-08-05,Bronze Medal,1943486,3x3 Basketball
2024-08-05,Bronze Medal,1943471,3x3 Basketball
2024-08-05,Bronze Medal,1943515,3x3 Basketball
2024-08-05,Gold Medal,1898807,3x3 Basketball
2024-08-05,Gold Medal,1898816,3x3 Basketball
2024-08-05,Gold Medal,1898835,3x3 Basketball
2024-08-05,Gold Medal,1898870,3x3 Basketball
2024-08-05,Silver Medal,1958461,3x3 Basketball
2024-08-05,Silver Medal,1958573,3x3 Basketball
2024-08-05,Silver Medal,1958504,3x3 Basketball
2024-08-05,Silver Medal,1958475,3x3 Basketball
2024-08-05,Bronze Medal,1954736,3x3 Basketball
2024-08-05,Bronze Medal,1954768,3x3 Basketball
2024-08-05,Bronze Medal,1954785,3x3 Basketball
2024-08-05,Bronze Medal,1954738,3x3 Basketball
2024-08-05,Gold Medal,1957082,Cycling Track
2024-08-05,Gold Medal,1912522,Cycling Track
2024-08-05,Gold Medal,1912514,Cycling Track
2024-08-05,Gold Medal,1912564,Cycling Track
2024-08-05,Silver Medal,1945040,Cycling Track
2024-08-05,Silver Medal,1945068,Cycling Track
2024-08-05,Silver Medal,1945035,Cycling Track
2024-08-05,Silver Medal,1945038,Cycling Track
2024-08-05,Bronze Medal,1889702,Cycling Track
2024-08-05,Bronze Medal,1889704,Cycling Track
2024-08-05,Bronze Medal,1889703,Cycling Track
2024-08-05,Bronze Medal,1889705,Cycling Track
2024-08-05,Gold Medal,1915325,Shooting
2024-08-05,Gold Medal,1915333,Shooting
2024-08-05,Silver Medal,1944397,Shooting
2024-08-05,Silver Medal,1944354,Shooting
2024-08-05,Bronze Medal,1913978,Shooting
2024-08-05,Bronze Medal,1961747,Shooting
2024-08-05,Gold Medal,1558780,Triathlon
2024-08-05,Gold Medal,1558784,Triathlon
2024-08-05,Gold Medal,1558775,Triathlon
2024-08-05,Gold Medal,1558773,Triathlon
2024-08-05,Silver Medal,1930750,Triathlon
2024-08-05,Silver Medal,1930752,Triathlon
2024-08-05,Silver Medal,1930747,Triathlon
2024-08-05,Silver Medal,1930739,Triathlon
2024-08-05,Bronze Medal,1904251,Triathlon
2024-08-05,Bronze Medal,1904248,Triathlon
2024-08-05,Bronze Medal,1904232,Triathlon
2024-08-05,Bronze Medal,1904244,Triathlon
2024-08-06,Gold Medal,1969218,Cycling Track
2024-08-06,Gold Medal,1969182,Cycling Track
2024-08-06,Gold Medal,1969203,Cycling Track
2024-08-06,Gold Medal,1969204,Cycling Track
2024-08-06,Silver Medal,1912515,Cycling Track
2024-08-06,Silver Medal,1912568,Cycling Track
2024-08-06,Silver Medal,1912536,Cycling Track
2024-08-06,Silver Medal,1912567,Cycling Track
2024-08-06,Bronze Medal,1940262,Cycling Track
2024-08-06,Bronze Medal,1940263,Cycling Track
2024-08-06,Bronze Medal,1940260,Cycling Track
2024-08-06,Bronze Medal,1940267,Cycling Track
2024-08-07,Gold Medal,1908847,Artistic Swimming
2024-08-07,Gold Medal,1908846,Artistic Swimming
2024-08-07,Gold Medal,1908853,Artistic Swimming
2024-08-07,Gold Medal,1908850,Artistic Swimming
2024-08-07,Gold Medal,1908852,Artistic Swimming
2024-08-07,Gold Medal,1908855,Artistic Swimming
2024-08-07,Gold Medal,1908854,Artistic Swimming
2024-08-07,Gold Medal,1908851,Artistic Swimming
2024-08-07,Gold Medal,1908848,Artistic Swimming
2024-08-07,Silver Medal,1943038,Artistic Swimming
2024-08-07,Silver Medal,1943040,Artistic Swimming
2024-08-07,Silver Medal,1943042,Artistic Swimming
2024-08-07,Silver Medal,1943043,Artistic Swimming
2024-08-07,Silver Medal,1943044,Artistic Swimming
2024-08-07,Silver Medal,1943046,Artistic Swimming
2024-08-07,Silver Medal,1943048,Artistic Swimming
2024-08-07,Silver Medal,1943049,Artistic Swimming
2024-08-07,Silver Medal,1943045,Artistic Swimming
2024-08-07,Bronze Medal,1954818,Artistic Swimming
2024-08-07,Bronze Medal,1954815,Artistic Swimming
2024-08-07,Bronze Medal,1954814,Artistic Swimming
2024-08-07,Bronze Medal,1954819,Artistic Swimming
2024-08-07,Bronze Medal,1954816,Artistic Swimming
2024-08-07,Bronze Medal,1954813,Artistic Swimming
2024-08-07,Bronze Medal,1954811,Artistic Swimming
2024-08-07,Bronze Medal,1954809,Artistic Swimming
2024-08-07,Bronze Medal,1954817,Artistic Swimming
2024-08-07,Gold Medal,1904165,Athletics
2024-08-07,Gold Medal,1905369,Athletics
2024-08-07,Silver Medal,1929767,Athletics
2024-08-07,Silver Medal,1930407,Athletics
2024-08-07,Bronze Medal,1939848,Athletics
2024-08-07,Bronze Medal,1939791,Athletics
2024-08-07,Gold Medal,1940264,Cycling Track
2024-08-07,Gold Medal,1940258,Cycling Track
2024-08-07,Gold Medal,1940265,Cycling Track
2024-08-07,Gold Medal,1940253,Cycling Track
2024-08-07,Gold Medal,1940256,Cycling Track
2024-08-07,Silver Medal,1912571,Cycling Track
2024-08-07,Silver Medal,1912575,Cycling Track
2024-08-07,Silver Medal,1912510,Cycling Track
2024-08-07,Silver Medal,1912560,Cycling Track
2024-08-07,Silver Medal,1957081,Cycling Track
2024-08-07,Silver Medal,1912557,Cycling Track
2024-08-07,Bronze Medal,1923518,Cycling Track
2024-08-07,Bronze Medal,1923520,Cycling Track
2024-08-07,Bronze Medal,1923517,Cycling Track
2024-08-07,Bronze Medal,1923529,Cycling Track
2024-08-07,Bronze Medal,1923521,Cycling Track
2024-08-07,Gold Medal,1955077,Cycling Track
2024-08-07,Gold Medal,1955080,Cycling Track
2024-08-07,Gold Medal,1955081,Cycling Track
2024-08-07,Gold Medal,1955106,Cycling Track
2024-08-07,Gold Medal,1955108,Cycling Track
2024-08-07,Gold Medal,1955079,Cycling Track
2024-08-07,Silver Medal,1945056,Cycling Track
2024-08-07,Silver Medal,1945080,Cycling Track
2024-08-07,Silver Medal,1945081,Cycling Track
2024-08-07,Silver Medal,1945061,Cycling Track
2024-08-07,Silver Medal,1945066,Cycling Track
2024-08-07,Bronze Medal,1912519,Cycling Track
2024-08-07,Bronze Medal,1912507,Cycling Track
2024-08-07,Bronze Medal,1912532,Cycling Track
2024-08-07,Bronze Medal,1912538,Cycling Track
2024-08-07,Bronze Medal,1957083,Cycling Track
2024-08-07,Bronze Medal,1912508,Cycling Track
2024-08-08,Gold Medal,1927393,Canoe Sprint
2024-08-08,Gold Medal,1927392,Canoe Sprint
2024-08-08,Silver Medal,1548871,Canoe Sprint
2024-08-08,Silver Medal,1548868,Canoe Sprint
2024-08-08,Bronze Medal,1954023,Canoe Sprint
2024-08-08,Bronze Medal,1953996,Canoe Sprint
2024-08-08,Gold Medal,1913740,Canoe Sprint
2024-08-08,Gold Medal,1913736,Canoe Sprint
2024-08-08,Gold Medal,1913746,Canoe Sprint
2024-08-08,Gold Medal,1913737,Canoe Sprint
2024-08-08,Silver Medal,1940222,Canoe Sprint
2024-08-08,Silver Medal,1940221,Canoe Sprint
2024-08-08,Silver Medal,1940217,Canoe Sprint
2024-08-08,Silver Medal,1940220,Canoe Sprint
2024-08-08,Bronze Medal,1953992,Canoe Sprint
2024-08-08,Bronze Medal,1953983,Canoe Sprint
2024-08-08,Bronze Medal,1954051,Canoe Sprint
2024-08-08,Bronze Medal,1954008,Canoe Sprint
2024-08-08,Gold Medal,1945383,Canoe Sprint
2024-08-08,Gold Medal,1945378,Canoe Sprint
2024-08-08,Gold Medal,1945392,Canoe Sprint
2024-08-08,Gold Medal,1945375,Canoe Sprint
2024-08-08,Silver Medal,1913800,Canoe Sprint
2024-08-08,Silver Medal,1913749,Canoe Sprint
2024-08-08,Silver Medal,1913793,Canoe Sprint
2024-08-08,Silver Medal,1913743,Canoe Sprint
2024-08-08,Bronze Medal,1570556,Canoe Sprint
2024-08-08,Bronze Medal,1568745,Canoe Sprint
2024-08-08,Bronze Medal,1568350,Canoe Sprint
2024-08-08,Bronze Medal,1568750,Canoe Sprint
2024-08-08,Bronze Medal,1974002,Football
2024-08-08,Bronze Medal,1970338,Football
2024-08-08,Bronze Medal,1966721,Football
2024-08-08,Bronze Medal,1965671,Football
2024-08-08,Bronze Medal,1974721,Football
2024-08-08,Bronze Medal,1965956,Football
2024-08-08,Bronze Medal,1967241,Football
2024-08-08,Bronze Medal,1966630,Football
2024-08-08,Bronze Medal,1970731,Football
2024-08-08,Bronze Medal,1965995,Football
2024-08-08,Bronze Medal,1965809,Football
2024-08-08,Bronze Medal,1965515,Football
2024-08-08,Bronze Medal,1966539,Football
2024-08-08,Bronze Medal,1966919,Football
2024-08-08,Bronze Medal,1967172,Football
2024-08-08,Bronze Medal,1966639,Football
2024-08-08,Bronze Medal,1966642,Football
2024-08-08,Bronze Medal,1966624,Football
2024-08-08,Bronze Medal,1967053,Football
2024-08-08,Gold Medal,1971941,Hockey
2024-08-08,Gold Medal,1971905,Hockey
2024-08-08,Gold Medal,1971929,Hockey
2024-08-08,Gold Medal,1971922,Hockey
2024-08-08,Gold Medal,1971917,Hockey
2024-08-08,Gold Medal,1971904,Hockey
2024-08-08,Gold Medal,1971921,Hockey
2024-08-08,Gold Medal,1971911,Hockey
2024-08-08,Gold Medal,1971976,Hockey
2024-08-08,Gold Medal,1971980,Hockey
2024-08-08,Gold Medal,1971934,Hockey
2024-08-08,Gold Medal,1971909,Hockey
2024-08-08,Gold Medal,1971956,Hockey
2024-08-08,Gold Medal,1971932,Hockey
2024-08-08,Gold Medal,1971910,Hockey
2024-08-08,Gold Medal,1971963,Hockey
2024-08-08,Gold Medal,1971968,Hockey
2024-08-08,Gold Medal,1971952,Hockey
2024-08-08,Silver Medal,1561321,Hockey
2024-08-08,Silver Medal,1561319,Hockey
2024-08-08,Silver Medal,1561323,Hockey
2024-08-08,Silver Medal,1561318,Hockey
2024-08-08,Silver Medal,1561325,Hockey
2024-08-08,Silver Medal,1561362,Hockey
2024-08-08,Silver Medal,1561360,Hockey
2024-08-08,Silver Medal,1561365,Hockey
2024-08-08,Silver Medal,1561316,Hockey
2024-08-08,Silver Medal,1561413,Hockey
2024-08-08,Silver Medal,1561322,Hockey
2024-08-08,Silver Medal,1561381,Hockey
2024-08-08,Silver Medal,1561320,Hockey
2024-08-08,Silver Medal,1561324,Hockey
2024-08-08,Silver Medal,1561377,Hockey
2024-08-08,Silver Medal,1561374,Hockey
2024-08-08,Silver Medal,1561386,Hockey
2024-08-08,Silver Medal,1561402,Hockey
2024-08-08,Bronze Medal,1543019,Hockey
2024-08-08,Bronze Medal,1543026,Hockey
2024-08-08,Bronze Medal,1543059,Hockey
2024-08-08,Bronze Medal,1543020,Hockey
2024-08-08,Bronze Medal,1543033,Hockey
2024-08-08,Bronze Medal,1543061,Hockey
2024-08-08,Bronze Medal,1543022,Hockey
2024-08-08,Bronze Medal,1543017,Hockey
2024-08-08,Bronze Medal,1543028,Hockey
2024-08-08,Bronze Medal,1543015,Hockey
2024-08-08,Bronze Medal,1543064,Hockey
2024-08-08,Bronze Medal,1543024,Hockey
2024-08-08,Bronze Medal,1543029,Hockey
2024-08-08,Bronze Medal,1543031,Hockey
2024-08-08,Bronze Medal,1543021,Hockey
2024-08-08,Bronze Medal,1543030,Hockey
2024-08-08,Gold Medal,1566451,Sailing
2024-08-08,Gold Medal,1566447,Sailing
2024-08-08,Silver Medal,1941435,Sailing
2024-08-08,Silver Medal,1941438,Sailing
2024-08-08,Bronze Medal,1564652,Sailing
2024-08-08,Bronze Medal,1564651,Sailing
2024-08-08,Gold Medal,1899650,Sailing
2024-08-08,Gold Medal,1899647,Sailing
2024-08-08,Silver Medal,1538041,Sailing
2024-08-08,Silver Medal,1538028,Sailing
2024-08-08,Bronze Medal,1918835,Sailing
2024-08-08,Bronze Medal,1918832,Sailing
2024-08-09,Gold Medal,1974038,Athletics
2024-08-09,Gold Medal,1974049,Athletics
2024-08-09,Gold Medal,1974065,Athletics
2024-08-09,Gold Medal,1974072,Athletics
2024-08-09,Gold Medal,1974096,Athletics
2024-08-09,Gold Medal,1974289,Athletics
2024-08-09,Silver Medal,1981059,Athletics
2024-08-09,Silver Medal,4343340,Athletics
2024-08-09,Silver Medal,1981060,Athletics
2024-08-09,Silver Medal,1981055,Athletics
2024-08-09,Silver Medal,4339445,Athletics
2024-08-09,Bronze Medal,1924439,Athletics
2024-08-09,Bronze Medal,3557190,Athletics
2024-08-09,Bronze Medal,1924431,Athletics
2024-08-09,Bronze Medal,1924442,Athletics
2024-08-09,Bronze Medal,1924457,Athletics
2024-08-09,Gold Medal,1960709,Athletics
2024-08-09,Gold Medal,1960115,Athletics
2024-08-09,Gold Medal,1961011,Athletics
2024-08-09,Gold Medal,1960181,Athletics
2024-08-09,Gold Medal,1965942,Athletics
2024-08-09,Gold Medal,1965868,Athletics
2024-08-09,Silver Medal,1924384,Athletics
2024-08-09,Silver Medal,1956843,Athletics
2024-08-09,Silver Medal,1924432,Athletics
2024-08-09,Silver Medal,1924446,Athletics
2024-08-09,Silver Medal,1924460,Athletics
2024-08-09,Silver Medal,1924507,Athletics
2024-08-09,Bronze Medal,1920096,Athletics
2024-08-09,Bronze Medal,1920119,Athletics
2024-08-09,Bronze Medal,1920142,Athletics
2024-08-09,Bronze Medal,1920164,Athletics
2024-08-09,Bronze Medal,1920169,Athletics
2024-08-09,Gold Medal,1964058,Beach Volleyball
2024-08-09,Gold Medal,1964088,Beach Volleyball
2024-08-09,Silver Medal,1967340,Beach Volleyball
2024-08-09,Silver Medal,1967346,Beach Volleyball
2024-08-09,Bronze Medal,1976570,Beach Volleyball
2024-08-09,Bronze Medal,1976465,Beach Volleyball
2024-08-09,Gold Medal,1913746,Canoe Sprint
2024-08-09,Gold Medal,1913736,Canoe Sprint
2024-08-09,Silver Medal,1570441,Canoe Sprint
2024-08-09,Silver Medal,1570845,Canoe Sprint
2024-08-09,Bronze Medal,1940218,Canoe Sprint
2024-08-09,Bronze Medal,1940223,Canoe Sprint
2024-08-09,Gold Medal,1927382,Canoe Sprint
2024-08-09,Gold Medal,1927383,Canoe Sprint
2024-08-09,Silver Medal,1897153,Canoe Sprint
2024-08-09,Silver Medal,1897155,Canoe Sprint
2024-08-09,Bronze Medal,1964583,Canoe Sprint
2024-08-09,Bronze Medal,1964547,Canoe Sprint
2024-08-09,Gold Medal,1945383,Canoe Sprint
2024-08-09,Gold Medal,1945378,Canoe Sprint
2024-08-09,Silver Medal,1568350,Canoe Sprint
2024-08-09,Silver Medal,1568750,Canoe Sprint
2024-08-09,Bronze Medal,1913800,Canoe Sprint
2024-08-09,Bronze Medal,1913749,Canoe Sprint
2024-08-09,Bronze Medal,1570556,Canoe Sprint
2024-08-09,Bronze Medal,1568745,Canoe Sprint
2024-08-09,Gold Medal,1923042,Cycling Track
2024-08-09,Gold Medal,1923048,Cycling Track
2024-08-09,Silver Medal,1912519,Cycling Track
2024-08-09,Silver Medal,1912507,Cycling Track
2024-08-09,Bronze Medal,1969170,Cycling Track
2024-08-09,Bronze Medal,1969173,Cycling Track
2024-08-09,Gold Medal,1942296,Football
2024-08-09,Gold Medal,1942269,Football
2024-08-09,Gold Medal,1942241,Football
2024-08-09,Gold Medal,1942076,Football
2024-08-09,Gold Medal,1942056,Football
2024-08-09,Gold Medal,1942037,Football
2024-08-09,Gold Medal,1942222,Football
2024-08-09,Gold Medal,1942301,Football
2024-08-09,Gold Medal,1942280,Football
2024-08-09,Gold Medal,1942033,Football
2024-08-09,Gold Medal,1942221,Football
2024-08-09,Gold Medal,1942259,Football
2024-08-09,Gold Medal,1942077,Football
2024-08-09,Gold Medal,1942257,Football
2024-08-09,Gold Medal,1942099,Football
2024-08-09,Gold Medal,1942039,Football
2024-08-09,Gold Medal,1942089,Football
2024-08-09,Gold Medal,1942256,Football
2024-08-09,Gold Medal,1942248,Football
2024-08-09,Gold Medal,1942289,Football
2024-08-09,Gold Medal,1942046,Football
2024-08-09,Gold Medal,1942104,Football
2024-08-09,Silver Medal,1900695,Football
2024-08-09,Silver Medal,1900683,Football
2024-08-09,Silver Medal,1900718,Football
2024-08-09,Silver Medal,4669223,Football
2024-08-09,Silver Medal,1900709,Football
2024-08-09,Silver Medal,1900672,Football
2024-08-09,Silver Medal,1900699,Football
2024-08-09,Silver Medal,1900626,Football
2024-08-09,Silver Medal,1900668,Football
2024-08-09,Silver Medal,1900674,Football
2024-08-09,Silver Medal,1900653,Football
2024-08-09,Silver Medal,1900694,Football
2024-08-09,Silver Medal,1900644,Football
2024-08-09,Silver Medal,3549727,Football
2024-08-09,Silver Medal,1900682,Football
2024-08-09,Silver Medal,1900702,Football
2024-08-09,Silver Medal,1900684,Football
2024-08-09,Silver Medal,1900641,Football
2024-08-09,Silver Medal,1900690,Football
2024-08-09,Silver Medal,1900651,Football
2024-08-09,Silver Medal,1900680,Football
2024-08-09,Bronze Medal,1880591,Football
2024-08-09,Bronze Medal,1880576,Football
2024-08-09,Bronze Medal,1880566,Football
2024-08-09,Bronze Medal,1880606,Football
2024-08-09,Bronze Medal,1880595,Football
2024-08-09,Bronze Medal,1880574,Football
2024-08-09,Bronze Medal,1880572,Football
2024-08-09,Bronze Medal,1880581,Football
2024-08-09,Bronze Medal,1880584,Football
2024-08-09,Bronze Medal,1880573,Football
2024-08-09,Bronze Medal,1880564,Football
2024-08-09,Bronze Medal,1880602,Football
2024-08-09,Bronze Medal,1880565,Football
2024-08-09,Bronze Medal,1880609,Football
2024-08-09,Bronze Medal,1880575,Football
2024-08-09,Bronze Medal,1880592,Football
2024-08-09,Bronze Medal,1880583,Football
2024-08-09,Bronze Medal,1880610,Football
2024-08-09,Bronze Medal,1880571,Football
2024-08-09,Bronze Medal,1880578,Football
2024-08-09,Gold Medal,1971974,Hockey
2024-08-09,Gold Medal,1971927,Hockey
2024-08-09,Gold Medal,1971955,Hockey
2024-08-09,Gold Medal,1971960,Hockey
2024-08-09,Gold Medal,1971978,Hockey
2024-08-09,Gold Medal,1971940,Hockey
2024-08-09,Gold Medal,1971948,Hockey
2024-08-09,Gold Medal,1971903,Hockey
2024-08-09,Gold Medal,1971975,Hockey
2024-08-09,Gold Medal,1971945,Hockey
2024-08-09,Gold Medal,1971950,Hockey
2024-08-09,Gold Medal,1971919,Hockey
2024-08-09,Gold Medal,1971942,Hockey
2024-08-09,Gold Medal,1971965,Hockey
2024-08-09,Gold Medal,1971973,Hockey
2024-08-09,Gold Medal,1971958,Hockey
2024-08-09,Gold Medal,1971923,Hockey
2024-08-09,Silver Medal,1926915,Hockey
2024-08-09,Silver Medal,1926896,Hockey
2024-08-09,Silver Medal,1926914,Hockey
2024-08-09,Silver Medal,1926920,Hockey
2024-08-09,Silver Medal,1926893,Hockey
2024-08-09,Silver Medal,1926908,Hockey
2024-08-09,Silver Medal,1926901,Hockey
2024-08-09,Silver Medal,1926909,Hockey
2024-08-09,Silver Medal,1926894,Hockey
2024-08-09,Silver Medal,1926923,Hockey
2024-08-09,Silver Medal,1926898,Hockey
2024-08-09,Silver Medal,1926895,Hockey
2024-08-09,Silver Medal,1926926,Hockey
2024-08-09,Silver Medal,1926912,Hockey
2024-08-09,Silver Medal,1926922,Hockey
2024-08-09,Silver Medal,1926910,Hockey
2024-08-09,Silver Medal,1926916,Hockey
2024-08-09,Bronze Medal,1538304,Hockey
2024-08-09,Bronze Medal,1538274,Hockey
2024-08-09,Bronze Medal,1538294,Hockey
2024-08-09,Bronze Medal,1538253,Hockey
2024-08-09,Bronze Medal,1538244,Hockey
2024-08-09,Bronze Medal,1538276,Hockey
2024-08-09,Bronze Medal,1538266,Hockey
2024-08-09,Bronze Medal,1538295,Hockey
2024-08-09,Bronze Medal,1538299,Hockey
2024-08-09,Bronze Medal,1538261,Hockey
2024-08-09,Bronze Medal,1538305,Hockey
2024-08-09,Bronze Medal,1538262,Hockey
2024-08-09,Bronze Medal,1538263,Hockey
2024-08-09,Bronze Medal,1538260,Hockey
2024-08-09,Bronze Medal,1538277,Hockey
2024-08-09,Bronze Medal,1900397,Hockey
2024-08-09,Gold Medal,1902295,Table Tennis
2024-08-09,Gold Medal,1902300,Table Tennis
2024-08-09,Gold Medal,1902301,Table Tennis
2024-08-09,Silver Medal,1563381,Table Tennis
2024-08-09,Silver Medal,1563386,Table Tennis
2024-08-09,Silver Medal,1563390,Table Tennis
2024-08-09,Bronze Medal,1889178,Table Tennis
2024-08-09,Bronze Medal,1889176,Table Tennis
2024-08-09,Bronze Medal,1889177,Table Tennis
2024-08-09,Bronze Medal,1917987,Volleyball
2024-08-09,Bronze Medal,1917988,Volleyball
2024-08-09,Bronze Medal,1917991,Volleyball
2024-08-09,Bronze Medal,1917993,Volleyball
2024-08-09,Bronze Medal,1918000,Volleyball
2024-08-09,Bronze Medal,1918002,Volleyball
2024-08-09,Bronze Medal,1918003,Volleyball
2024-08-09,Bronze Medal,1917982,Volleyball
2024-08-09,Bronze Medal,1918007,Volleyball
2024-08-09,Bronze Medal,1918009,Volleyball
2024-08-09,Bronze Medal,1918011,Volleyball
2024-08-09,Bronze Medal,1918012,Volleyball
2024-08-09,Bronze Medal,1917994,Volleyball
2024-08-10,Gold Medal,1908852,Artistic Swimming
2024-08-10,Gold Medal,1908853,Artistic Swimming
2024-08-10,Silver Medal,1544151,Artistic Swimming
2024-08-10,Silver Medal,1980935,Artistic Swimming
2024-08-10,Bronze Medal,1972513,Artistic Swimming
2024-08-10,Bronze Medal,1972512,Artistic Swimming
2024-08-10,Gold Medal,1960604,Athletics
2024-08-10,Gold Medal,1960684,Athletics
2024-08-10,Gold Medal,1960590,Athletics
2024-08-10,Gold Medal,1960177,Athletics
2024-08-10,Gold Medal,1965202,Athletics
2024-08-10,Gold Medal,1965289,Athletics
2024-08-10,Gold Medal,1960111,Athletics
2024-08-10,Gold Medal,4979564,Athletics
2024-08-10,Silver Medal,4975921,Athletics
2024-08-10,Silver Medal,1950939,Athletics
2024-08-10,Silver Medal,1950897,Athletics
2024-08-10,Silver Medal,1951506,Athletics
2024-08-10,Silver Medal,1950918,Athletics
2024-08-10,Silver Medal,1936983,Athletics
2024-08-10,Bronze Medal,1924406,Athletics
2024-08-10,Bronze Medal,1924409,Athletics
2024-08-10,Bronze Medal,4663897,Athletics
2024-08-10,Bronze Medal,1924426,Athletics
2024-08-10,Bronze Medal,1924430,Athletics
2024-08-10,Bronze Medal,1956853,Athletics
2024-08-10,Bronze Medal,1924402,Athletics
2024-08-10,Gold Medal,1960650,Athletics
2024-08-10,Gold Medal,4979555,Athletics
2024-08-10,Gold Medal,1960984,Athletics
2024-08-10,Gold Medal,1961016,Athletics
2024-08-10,Gold Medal,1960909,Athletics
2024-08-10,Gold Medal,1960179,Athletics
2024-08-10,Gold Medal,1965308,Athletics
2024-08-10,Gold Medal,1965868,Athletics
2024-08-10,Silver Medal,1972078,Athletics
2024-08-10,Silver Medal,1972288,Athletics
2024-08-10,Silver Medal,1972115,Athletics
2024-08-10,Silver Medal,1972240,Athletics
2024-08-10,Silver Medal,1972248,Athletics
2024-08-10,Silver Medal,4980004,Athletics
2024-08-10,Silver Medal,1972251,Athletics
2024-08-10,Bronze Medal,1924383,Athletics
2024-08-10,Bronze Medal,1924437,Athletics
2024-08-10,Bronze Medal,1956846,Athletics
2024-08-10,Bronze Medal,1924464,Athletics
2024-08-10,Bronze Medal,1924463,Athletics
2024-08-10,Bronze Medal,1924470,Athletics
2024-08-10,Bronze Medal,1924506,Athletics
2024-08-10,Bronze Medal,1924509,Athletics
2024-08-10,Gold Medal,1954698,Basketball
2024-08-10,Gold Medal,1954701,Basketball
2024-08-10,Gold Medal,1954714,Basketball
2024-08-10,Gold Medal,1954700,Basketball
2024-08-10,Gold Medal,1954724,Basketball
2024-08-10,Gold Medal,1954705,Basketball
2024-08-10,Gold Medal,1954684,Basketball
2024-08-10,Gold Medal,1954683,Basketball
2024-08-10,Gold Medal,1954709,Basketball
2024-08-10,Gold Medal,1954688,Basketball
2024-08-10,Gold Medal,1954699,Basketball
2024-08-10,Gold Medal,1954687,Basketball
2024-08-10,Silver Medal,1573636,Basketball
2024-08-10,Silver Medal,1573628,Basketball
2024-08-10,Silver Medal,1573627,Basketball
2024-08-10,Silver Medal,1573638,Basketball
2024-08-10,Silver Medal,1573640,Basketball
2024-08-10,Silver Medal,1573632,Basketball
2024-08-10,Silver Medal,1573630,Basketball
2024-08-10,Silver Medal,1573634,Basketball
2024-08-10,Silver Medal,1573633,Basketball
2024-08-10,Silver Medal,1573639,Basketball
2024-08-10,Silver Medal,1573660,Basketball
2024-08-10,Silver Medal,1573642,Basketball
2024-08-10,Bronze Medal,1948421,Basketball
2024-08-10,Bronze Medal,1948420,Basketball
2024-08-10,Bronze Medal,1948413,Basketball
2024-08-10,Bronze Medal,1948404,Basketball
2024-08-10,Bronze Medal,1948416,Basketball
2024-08-10,Bronze Medal,1948407,Basketball
2024-08-10,Bronze Medal,1948411,Basketball
2024-08-10,Bronze Medal,1948417,Basketball
2024-08-10,Bronze Medal,1948408,Basketball
2024-08-10,Bronze Medal,1948405,Basketball
2024-08-10,Bronze Medal,1948402,Basketball
2024-08-10,Bronze Medal,1948418,Basketball
2024-08-10,Gold Medal,1934586,Beach Volleyball
2024-08-10,Gold Medal,1934579,Beach Volleyball
2024-08-10,Silver Medal,1562864,Beach Volleyball
2024-08-10,Silver Medal,1562868,Beach Volleyball
2024-08-10,Bronze Medal,1878383,Beach Volleyball
2024-08-10,Bronze Medal,1878386,Beach Volleyball
2024-08-10,Gold Medal,1933816,Cycling Track
2024-08-10,Gold Medal,1933821,Cycling Track
2024-08-10,Silver Medal,1923518,Cycling Track
2024-08-10,Silver Medal,1923519,Cycling Track
2024-08-10,Bronze Medal,1879180,Cycling Track
2024-08-10,Bronze Medal,1879160,Cycling Track
2024-08-10,Gold Medal,1943575,Football
2024-08-10,Gold Medal,1943553,Football
2024-08-10,Gold Medal,1943542,Football
2024-08-10,Gold Medal,1943555,Football
2024-08-10,Gold Medal,1943580,Football
2024-08-10,Gold Medal,1943566,Football
2024-08-10,Gold Medal,1943588,Football
2024-08-10,Gold Medal,1943596,Football
2024-08-10,Gold Medal,1943591,Football
2024-08-10,Gold Medal,1943558,Football
2024-08-10,Gold Medal,1943586,Football
2024-08-10,Gold Medal,1943550,Football
2024-08-10,Gold Medal,1943576,Football
2024-08-10,Gold Medal,1943587,Football
2024-08-10,Gold Medal,1943585,Football
2024-08-10,Gold Medal,1943567,Football
2024-08-10,Gold Medal,1943547,Football
2024-08-10,Gold Medal,1943574,Football
2024-08-10,Gold Medal,4665325,Football
2024-08-10,Gold Medal,1943569,Football
2024-08-10,Silver Medal,1967608,Football
2024-08-10,Silver Medal,1967575,Football
2024-08-10,Silver Medal,1967629,Football
2024-08-10,Silver Medal,1967625,Football
2024-08-10,Silver Medal,1967616,Football
2024-08-10,Silver Medal,1967626,Football
2024-08-10,Silver Medal,1967602,Football
2024-08-10,Silver Medal,1967635,Football
2024-08-10,Silver Medal,1967574,Football
2024-08-10,Silver Medal,1967617,Football
2024-08-10,Silver Medal,1967599,Football
2024-08-10,Silver Medal,1967630,Football
2024-08-10,Silver Medal,1967636,Football
2024-08-10,Silver Medal,1967612,Football
2024-08-10,Silver Medal,1967628,Football
2024-08-10,Silver Medal,1967594,Football
2024-08-10,Silver Medal,1967565,Football
2024-08-10,Silver Medal,1967593,Football
2024-08-10,Silver Medal,1967623,Football
2024-08-10,Silver Medal,1967567,Football
2024-08-10,Silver Medal,1967606,Football
2024-08-10,Silver Medal,1967607,Football
2024-08-10,Gold Medal,1878514,Handball
2024-08-10,Gold Medal,1878518,Handball
2024-08-10,Gold Medal,1878496,Handball
2024-08-10,Gold Medal,1878486,Handball
2024-08-10,Gold Medal,1878515,Handball
2024-08-10,Gold Medal,1878492,Handball
2024-08-10,Gold Medal,1878516,Handball
2024-08-10,Gold Medal,1878511,Handball
2024-08-10,Gold Medal,1878493,Handball
2024-08-10,Gold Medal,1878509,Handball
2024-08-10,Gold Medal,1878501,Handball
2024-08-10,Gold Medal,1878487,Handball
2024-08-10,Gold Medal,1878500,Handball
2024-08-10,Gold Medal,1878495,Handball
2024-08-10,Gold Medal,1878490,Handball
2024-08-10,Silver Medal,1879834,Handball
2024-08-10,Silver Medal,1879845,Handball
2024-08-10,Silver Medal,1879853,Handball
2024-08-10,Silver Medal,1879854,Handball
2024-08-10,Silver Medal,1879842,Handball
2024-08-10,Silver Medal,1879856,Handball
2024-08-10,Silver Medal,1879826,Handball
2024-08-10,Silver Medal,1879830,Handball
2024-08-10,Silver Medal,1879839,Handball
2024-08-10,Silver Medal,1893824,Handball
2024-08-10,Silver Medal,1879831,Handball
2024-08-10,Silver Medal,1879846,Handball
2024-08-10,Silver Medal,1879847,Handball
2024-08-10,Silver Medal,1879836,Handball
2024-08-10,Silver Medal,1946320,Handball
2024-08-10,Silver Medal,1879835,Handball
2024-08-10,Silver Medal,1879851,Handball
2024-08-10,Bronze Medal,1895245,Handball
2024-08-10,Bronze Medal,1895210,Handball
2024-08-10,Bronze Medal,1895215,Handball
2024-08-10,Bronze Medal,1895159,Handball
2024-08-10,Bronze Medal,1895232,Handball
2024-08-10,Bronze Medal,1895250,Handball
2024-08-10,Bronze Medal,1895246,Handball
2024-08-10,Bronze Medal,1895168,Handball
2024-08-10,Bronze Medal,1895224,Handball
2024-08-10,Bronze Medal,1895214,Handball
2024-08-10,Bronze Medal,1895187,Handball
2024-08-10,Bronze Medal,1895213,Handball
2024-08-10,Bronze Medal,1895152,Handball
2024-08-10,Bronze Medal,1895226,Handball
2024-08-10,Bronze Medal,1895166,Handball
2024-08-10,Gold Medal,1902307,Table Tennis
2024-08-10,Gold Medal,1902313,Table Tennis
2024-08-10,Gold Medal,1902314,Table Tennis
2024-08-10,Silver Medal,1931100,Table Tennis
2024-08-10,Silver Medal,1931098,Table Tennis
2024-08-10,Silver Medal,1931101,Table Tennis
2024-08-10,Bronze Medal,1936435,Table Tennis
2024-08-10,Bronze Medal,1936419,Table Tennis
2024-08-10,Bronze Medal,1936425,Table Tennis
2024-08-10,Gold Medal,1574049,Volleyball
2024-08-10,Gold Medal,1574045,Volleyball
2024-08-10,Gold Medal,1574055,Volleyball
2024-08-10,Gold Medal,1574057,Volleyball
2024-08-10,Gold Medal,1574048,Volleyball
2024-08-10,Gold Medal,1574061,Volleyball
2024-08-10,Gold Medal,1574041,Volleyball
2024-08-10,Gold Medal,1574067,Volleyball
2024-08-10,Gold Medal,1574046,Volleyball
2024-08-10,Gold Medal,1574058,Volleyball
2024-08-10,Gold Medal,1574060,Volleyball
2024-08-10,Gold Medal,1574065,Volleyball
2024-08-10,Gold Medal,1574043,Volleyball
2024-08-10,Silver Medal,1902882,Volleyball
2024-08-10,Silver Medal,1902890,Volleyball
2024-08-10,Silver Medal,1902892,Volleyball
2024-08-10,Silver Medal,1902902,Volleyball
2024-08-10,Silver Medal,1902893,Volleyball
2024-08-10,Silver Medal,1902886,Volleyball
2024-08-10,Silver Medal,1902901,Volleyball
2024-08-10,Silver Medal,1902910,Volleyball
2024-08-10,Silver Medal,1902881,Volleyball
2024-08-10,Silver Medal,1902869,Volleyball
2024-08-10,Silver Medal,1902875,Volleyball
2024-08-10,Silver Medal,1902880,Volleyball
2024-08-10,Silver Medal,1902870,Volleyball
2024-08-10,Bronze Medal,1964076,Volleyball
2024-08-10,Bronze Medal,1964152,Volleyball
2024-08-10,Bronze Medal,1964140,Volleyball
2024-08-10,Bronze Medal,1964180,Volleyball
2024-08-10,Bronze Medal,1964167,Volleyball
2024-08-10,Bronze Medal,1964169,Volleyball
2024-08-10,Bronze Medal,1964094,Volleyball
2024-08-10,Bronze Medal,1964065,Volleyball
2024-08-10,Bronze Medal,1964063,Volleyball
2024-08-10,Bronze Medal,1964106,Volleyball
2024-08-10,Bronze Medal,1964183,Volleyball
2024-08-10,Bronze Medal,1964136,Volleyball
2024-08-10,Bronze Medal,1964151,Volleyball
2024-08-10,Gold Medal,1954878,Water Polo
2024-08-10,Gold Medal,1954897,Water Polo
2024-08-10,Gold Medal,1954877,Water Polo
2024-08-10,Gold Medal,1954893,Water Polo
2024-08-10,Gold Medal,1954895,Water Polo
2024-08-10,Gold Medal,1954875,Water Polo
2024-08-10,Gold Medal,1954900,Water Polo
2024-08-10,Gold Medal,1954894,Water Polo
2024-08-10,Gold Medal,1954880,Water Polo
2024-08-10,Gold Medal,1954874,Water Polo
2024-08-10,Gold Medal,1954881,Water Polo
2024-08-10,Gold Medal,1954886,Water Polo
2024-08-10,Gold Medal,1954903,Water Polo
2024-08-10,Silver Medal,1947514,Water Polo
2024-08-10,Silver Medal,1947523,Water Polo
2024-08-10,Silver Medal,1947513,Water Polo
2024-08-10,Silver Medal,1947506,Water Polo
2024-08-10,Silver Medal,1947540,Water Polo
2024-08-10,Silver Medal,1947497,Water Polo
2024-08-10,Silver Medal,1947508,Water Polo
2024-08-10,Silver Medal,1947541,Water Polo
2024-08-10,Silver Medal,1947546,Water Polo
2024-08-10,Silver Medal,1947498,Water Polo
2024-08-10,Silver Medal,1947528,Water Polo
2024-08-10,Silver Medal,1947512,Water Polo
2024-08-10,Silver Medal,1947515,Water Polo
2024-08-10,Bronze Medal,1968845,Water Polo
2024-08-10,Bronze Medal,1968848,Water Polo
2024-08-10,Bronze Medal,1968857,Water Polo
2024-08-10,Bronze Medal,1968858,Water Polo
2024-08-10,Bronze Medal,1968860,Water Polo
2024-08-10,Bronze Medal,1968855,Water Polo
2024-08-10,Bronze Medal,1968851,Water Polo
2024-08-10,Bronze Medal,1968847,Water Polo
2024-08-10,Bronze Medal,1968856,Water Polo
2024-08-10,Bronze Medal,1968850,Water Polo
2024-08-10,Bronze Medal,1968854,Water Polo
2024-08-10,Bronze Medal,1968853,Water Polo
2024-08-10,Bronze Medal,1968846,Water Polo
2024-08-11,Gold Medal,1954742,Basketball
2024-08-11,Gold Medal,1954748,Basketball
2024-08-11,Gold Medal,1954739,Basketball
2024-08-11,Gold Medal,1954730,Basketball
2024-08-11,Gold Medal,1954734,Basketball
2024-08-11,Gold Medal,1954757,Basketball
2024-08-11,Gold Medal,1954752,Basketball
2024-08-11,Gold Medal,1954729,Basketball
2024-08-11,Gold Medal,1954753,Basketball
2024-08-11,Gold Medal,1954758,Basketball
2024-08-11,Gold Medal,1954754,Basketball
2024-08-11,Gold Medal,1954735,Basketball
2024-08-11,Silver Medal,1573445,Basketball
2024-08-11,Silver Medal,1573442,Basketball
2024-08-11,Silver Medal,1573452,Basketball
2024-08-11,Silver Medal,1573439,Basketball
2024-08-11,Silver Medal,1573454,Basketball
2024-08-11,Silver Medal,1573455,Basketball
2024-08-11,Silver Medal,1573451,Basketball
2024-08-11,Silver Medal,1573457,Basketball
2024-08-11,Silver Medal,1573440,Basketball
2024-08-11,Silver Medal,1573448,Basketball
2024-08-11,Silver Medal,1573449,Basketball
2024-08-11,Silver Medal,1573441,Basketball
2024-08-11,Bronze Medal,1939955,Basketball
2024-08-11,Bronze Medal,1939956,Basketball
2024-08-11,Bronze Medal,1939970,Basketball
2024-08-11,Bronze Medal,1939971,Basketball
2024-08-11,Bronze Medal,1939943,Basketball
2024-08-11,Bronze Medal,1939952,Basketball
2024-08-11,Bronze Medal,1939964,Basketball
2024-08-11,Bronze Medal,1939948,Basketball
2024-08-11,Bronze Medal,1939946,Basketball
2024-08-11,Bronze Medal,1939954,Basketball
2024-08-11,Bronze Medal,1939959,Basketball
2024-08-11,Bronze Medal,1939967,Basketball
2024-08-11,Gold Medal,1895223,Handball
2024-08-11,Gold Medal,1895248,Handball
2024-08-11,Gold Medal,1895241,Handball
2024-08-11,Gold Medal,1895238,Handball
2024-08-11,Gold Medal,1895239,Handball
2024-08-11,Gold Medal,1895202,Handball
2024-08-11,Gold Medal,1895227,Handball
2024-08-11,Gold Medal,1895228,Handball
2024-08-11,Gold Medal,1895237,Handball
2024-08-11,Gold Medal,1895172,Handball
2024-08-11,Gold Medal,1895235,Handball
2024-08-11,Gold Medal,1895161,Handball
2024-08-11,Gold Medal,1895178,Handball
2024-08-11,Gold Medal,1895234,Handball
2024-08-11,Gold Medal,1895236,Handball
2024-08-11,Gold Medal,1895180,Handball
2024-08-11,Silver Medal,1899256,Handball
2024-08-11,Silver Medal,1899239,Handball
2024-08-11,Silver Medal,1899226,Handball
2024-08-11,Silver Medal,1899206,Handball
2024-08-11,Silver Medal,1899237,Handball
2024-08-11,Silver Medal,1899214,Handball
2024-08-11,Silver Medal,1899227,Handball
2024-08-11,Silver Medal,1899231,Handball
2024-08-11,Silver Medal,1899185,Handball
2024-08-11,Silver Medal,1899247,Handball
2024-08-11,Silver Medal,1899193,Handball
2024-08-11,Silver Medal,1899181,Handball
2024-08-11,Silver Medal,1899252,Handball
2024-08-11,Silver Medal,1899246,Handball
2024-08-11,Silver Medal,3546884,Handball
2024-08-11,Silver Medal,1899187,Handball
2024-08-11,Bronze Medal,1948272,Handball
2024-08-11,Bronze Medal,1948260,Handball
2024-08-11,Bronze Medal,1948239,Handball
2024-08-11,Bronze Medal,1948238,Handball
2024-08-11,Bronze Medal,1948246,Handball
2024-08-11,Bronze Medal,1948251,Handball
2024-08-11,Bronze Medal,1948281,Handball
2024-08-11,Bronze Medal,1948233,Handball
2024-08-11,Bronze Medal,1948252,Handball
2024-08-11,Bronze Medal,1948288,Handball
2024-08-11,Bronze Medal,1948280,Handball
2024-08-11,Bronze Medal,1948240,Handball
2024-08-11,Bronze Medal,1948268,Handball
2024-08-11,Bronze Medal,1948244,Handball
2024-08-11,Bronze Medal,1948278,Handball
2024-08-11,Gold Medal,1921740,Volleyball
2024-08-11,Gold Medal,1921757,Volleyball
2024-08-11,Gold Medal,1921738,Volleyball
2024-08-11,Gold Medal,1921747,Volleyball
2024-08-11,Gold Medal,1921751,Volleyball
2024-08-11,Gold Medal,1921746,Volleyball
2024-08-11,Gold Medal,1921742,Volleyball
2024-08-11,Gold Medal,1921752,Volleyball
2024-08-11,Gold Medal,1921743,Volleyball
2024-08-11,Gold Medal,1969716,Volleyball
2024-08-11,Gold Medal,1921761,Volleyball
2024-08-11,Gold Medal,1921753,Volleyball
2024-08-11,Gold Medal,1921749,Volleyball
2024-08-11,Silver Medal,1917762,Volleyball
2024-08-11,Silver Medal,1917759,Volleyball
2024-08-11,Silver Medal,1917760,Volleyball
2024-08-11,Silver Medal,1917765,Volleyball
2024-08-11,Silver Medal,1917766,Volleyball
2024-08-11,Silver Medal,1917769,Volleyball
2024-08-11,Silver Medal,1917758,Volleyball
2024-08-11,Silver Medal,1917738,Volleyball
2024-08-11,Silver Medal,1917752,Volleyball
2024-08-11,Silver Medal,1917741,Volleyball
2024-08-11,Silver Medal,1917757,Volleyball
2024-08-11,Silver Medal,1917756,Volleyball
2024-08-11,Silver Medal,1917746,Volleyball
2024-08-11,Gold Medal,1956434,Water Polo
2024-08-11,Gold Medal,1956444,Water Polo
2024-08-11,Gold Medal,1956459,Water Polo
2024-08-11,Gold Medal,1956456,Water Polo
2024-08-11,Gold Medal,1956426,Water Polo
2024-08-11,Gold Medal,1956427,Water Polo
2024-08-11,Gold Medal,1956432,Water Polo
2024-08-11,Gold Medal,1956440,Water Polo
2024-08-11,Gold Medal,1956466,Water Polo
2024-08-11,Gold Medal,1956465,Water Polo
2024-08-11,Gold Medal,1956457,Water Polo
2024-08-11,Gold Medal,1956438,Water Polo
2024-08-11,Gold Medal,1956448,Water Polo
2024-08-11,Silver Medal,1915766,Water Polo
2024-08-11,Silver Medal,1915768,Water Polo
2024-08-11,Silver Medal,1915778,Water Polo
2024-08-11,Silver Medal,1915781,Water Polo
2024-08-11,Silver Medal,1915784,Water Polo
2024-08-11,Silver Medal,1915769,Water Polo
2024-08-11,Silver Medal,1915792,Water Polo
2024-08-11,Silver Medal,1915791,Water Polo
2024-08-11,Silver Medal,1915802,Water Polo
2024-08-11,Silver Medal,1915790,Water Polo
2024-08-11,Silver Medal,1915801,Water Polo
2024-08-11,Silver Medal,1915782,Water Polo
2024-08-11,Silver Medal,1915793,Water Polo
2024-08-11,Bronze Medal,1908370,Water Polo
2024-08-11,Bronze Medal,1908360,Water Polo
2024-08-11,Bronze Medal,1908369,Water Polo
2024-08-11,Bronze Medal,1908365,Water Polo
2024-08-11,Bronze Medal,1908353,Water Polo
2024-08-11,Bronze Medal,1908352,Water Polo
2024-08-11,Bronze Medal,1908357,Water Polo
2024-08-11,Bronze Medal,1908371,Water Polo
2024-08-11,Bronze Medal,1908350,Water Polo
2024-08-11,Bronze Medal,1908354,Water Polo
2024-08-11,Bronze Medal,1908355,Water Polo
2024-08-11,Bronze Medal,1908361,Water Polo
2024-08-11,Bronze Medal,1908359,Water Polo
2024-08-10,Gold Medal,1927515,Rhythmic Gymnastics
2024-08-10,Gold Medal,1927516,Rhythmic Gymnastics
2024-08-10,Gold Medal,1927517,Rhythmic Gymnastics
2024-08-10,Gold Medal,1927518,Rhythmic Gymnastics
2024-08-10,Gold Medal,1927519,Rhythmic Gymnastics
2024-08-10,Silver Medal,1908226,Rhythmic Gymnastics
2024-08-10,Silver Medal,1908240,Rhythmic Gymnastics
2024-08-10,Silver Medal,1908233,Rhythmic Gymnastics
2024-08-10,Silver Medal,1908235,Rhythmic Gymnastics
2024-08-10,Silver Medal,1908230,Rhythmic Gymnastics
2024-08-10,Bronze Medal,1923700,Rhythmic Gymnastics
2024-08-10,Bronze Medal,1923701,Rhythmic Gymnastics
2024-08-10,Bronze Medal,1923699,Rhythmic Gymnastics
2024-08-10,Bronze Medal,1923703,Rhythmic Gymnastics
2024-08-10,Bronze Medal,1923704,Rhythmic Gymnastics
