coach_id,name,gender,function,country,disciplines,birth_date
1533246,PEDRERO Ofelia,Female,Coach,Mexico,Artistic Swimming,1988-03-28
1535775,RADHI SHENAISHIL,Male,Head Coach,Iraq,Football,1965-07-01
1536055,AFLAKIKHAMSEH Majid,Male,Coach,IR Iran,Taekwondo,1973-08-26
1536059,YOUSEFY Mehrdad,Male,Coach,IR Iran,Taekwondo,1972-06-12
1536060,MADDAH Minoo,Female,Coach,IR Iran,Taekwondo,1976-05-17
1536328,LOFTUS Adriana,Female,Coach,Mexico,Artistic Swimming,1958-06-28
1538313,FERRARA Fernando,Male,Head Coach,Argentina,Hockey,1968-07-24
1538315,GULLA Alejandra,Female,Assistant Coach,Argentina,Hockey,1977-07-04
1538317,CAPURRO Santiago,Male,Assistant Coach,Argentina,Hockey,1975-04-08
1538745,RONCONI Mariano,Male,Head Coach,Argentina,Hockey,1900-01-01
1538748,PAULON Ezequiel,Male,Assistant Coach,Argentina,Hockey,1900-01-01
1538751,VILA Matias,Male,Assistant Coach,Argentina,Hockey,1900-01-01
1539598,KHEIRKHAH HAJIRASOULIAN Mohammadre.,Male,Coach,IR Iran,Artistic Gymnastics,1965-06-27
1540258,DAVIS DIAZ David,Male,Coach,Mexico,Taekwondo,1977-10-07
1540259,MENDOZA MORA Abel,Male,Coach,Mexico,Taekwondo,1988-02-26
1540260,VICTORIA ESPINOSA de los Alfonso,Male,Coach,Mexico,Taekwondo,1985-02-01
1540522,MILANO Guillermo,Male,Head Coach,Argentina,Handball,1973-02-08
1540638,GOMEZ CORA Santiago,Male,Head Coach,Argentina,Rugby Sevens,1978-07-25
1540639,GRAVANO Leonardo,Male,Assistant Coach,Argentina,Rugby Sevens,1973-08-30
1540840,FILIORIANU Ana Luiza,Female,Coach,Romania,Rhythmic Gymnastics,1999-07-10
1542341,SMAILI Badr,Male,Coach,Morocco,Taekwondo,1993-05-07
1542904,OCEGUERA ORNELAS Pavel,Male,Coach,Mexico,Artistic Gymnastics,1971-09-10
1542908,VALENZUELA GOMEZ Maria,Female,Coach,Mexico,Artistic Gymnastics,1976-07-23
1542913,MEZA PADILLA Jose,Male,Coach,Mexico,Artistic Gymnastics,1977-01-25
1542973,AGUILAR ROJAS Blajaith,Female,Coach,Mexico,Rhythmic Gymnastics,1991-09-30
1542976,FURALEV Vladislav,Male,Coach,Mexico,Rhythmic Gymnastics,1970-01-04
1543567,UPTON Patrick Anthony Howard,Male,Coach,India,Hockey,1968-11-05
1543570,SCHOPMAN Johanna Dorothea Maria,Female,Coach,India,Hockey,1977-04-26
1543575,HALKETT Rhett Kennedy,Male,Assistant Coach,India,Hockey,1986-05-02
1543576,FULTON Craig Arthur,Male,Head Coach,India,Hockey,1974-11-06
1543577,FARRY Anthony James,Male,Coach,India,Hockey,1973-07-13
1544157,THORPE Karen,Female,Coach,Great Britain,Artistic Swimming,1973-04-21
1544158,TOMOMATSU Yumiko,Female,Coach,Great Britain,Artistic Swimming,1972-07-21
1544489,CURRAN Orlaith,Female,Assistant Coach,Ireland,Rugby Sevens,1990-08-08
1545106,NASKAR Arup,Male,Coach,India,Hockey,1983-05-05
1545139,CHINNASAMY Ashok Kumar,Male,Coach,India,Hockey,1991-04-24
1545947,BUSNARI Alberto,Male,Coach,Italy,Artistic Gymnastics,1978-10-04
1545949,COCCIARO Giuseppe,Male,Coach,Italy,Artistic Gymnastics,1959-08-05
1545950,FORTUNA Marco,Male,Coach,Italy,Artistic Gymnastics,1961-06-06
1545955,BERGAMELLI Monica Roberta,Female,Coach,Italy,Artistic Gymnastics,1984-05-24
1546310,CHIRILCENCO Marc Michel,Male,Coach,Algeria,Artistic Gymnastics,1968-04-24
1546312,HAMICI Saad Eddine,Male,Coach,Algeria,Artistic Gymnastics,1970-09-06
1546698,HERRANZ MARTIN Miguel Angel,Male,Coach,Spain,Taekwondo,1964-04-02
1546699,RAMAL MUNOZ Jesus,Male,Coach,Spain,Taekwondo,1968-09-01
1546700,SEIJO GIEBELS Christian Jaime,Male,Coach,Spain,Taekwondo,1977-03-27
1546701,TOLEDO AROCA Antonio,Male,Coach,Spain,Taekwondo,1977-06-08
1546702,YAGUE ENRIQUE Brigida,Female,Coach,Spain,Taekwondo,1981-03-15
1548427,JONES Gilmar,Male,Coach,Suriname,Taekwondo,1986-01-26
1548848,DIMITROVA Vesela,Female,Coach,Bulgaria,Rhythmic Gymnastics,1975-10-28
1548875,STOYNEVA Yasena,Female,Coach,Bulgaria,Rhythmic Gymnastics,1988-11-10
1548895,MARKOVA Branimira,Female,Coach,Bulgaria,Rhythmic Gymnastics,1973-10-01
1548902,PAMUKOVA Mariyana,Female,Coach,Bulgaria,Rhythmic Gymnastics,1982-08-22
1548919,IVANOVA Valentina,Female,Coach,Bulgaria,Rhythmic Gymnastics,1977-05-29
1549452,LEE Eui Yong,Male,Coach,Gambia,Taekwondo,1971-02-09
1550038,ARILL Samuel,Male,Assistant Coach,Puerto Rico,Basketball,1975-08-24
1550039,MORALES OTERO Carlos,Male,Assistant Coach,Puerto Rico,Basketball,1958-08-30
1550047,BATISTA Gerardo,Male,Coach,Puerto Rico,Basketball,1970-12-21
1550196,COTUTIU Florin,Male,Coach,Romania,Artistic Gymnastics,1975-03-13
1550198,JONES Daymon,Male,Coach,Romania,Artistic Gymnastics,1975-06-05
1550199,KIENS Patrick,Male,Coach,Romania,Artistic Gymnastics,1971-05-05
1550201,MOROSAN Corina,Female,Coach,Romania,Artistic Gymnastics,1967-09-14
1550203,VOINEA Camelia,Female,Coach,Romania,Artistic Gymnastics,1970-03-02
1550267,BERBECAR Marius,Male,Coach,Romania,Artistic Gymnastics,1985-05-15
1552001,LIU Tsung-Ta,Male,Coach,Chinese Taipei,Taekwondo,1974-10-10
1555083,GEORGALLAS Irodotos,Male,Coach,Cyprus,Artistic Gymnastics,1977-12-14
1555113,PETRIDIS Panagiotis,Male,Coach,Cyprus,Artistic Gymnastics,1964-05-06
1555115,FLANNERY Eimear,Female,Assistant Coach,Ireland,Rugby Sevens,1982-02-02
1555131,SHIPPI Panayiotis,Male,Coach,Cyprus,Artistic Gymnastics,1982-03-25
1555182,TRIKOMITI Chrystalleni,Female,Coach,Cyprus,Rhythmic Gymnastics,1993-11-30
1556249,DEACU George,Male,Assistant Coach,Romania,Water Polo,1984-11-24
1556255,RATH Bogdan,Male,Head Coach,Romania,Water Polo,1972-06-28
1557013,ARIAS Ramon,Male,Coach,Chile,Taekwondo,1956-08-18
1559048,WIBERG Johanna,Female,Assistant Coach,Sweden,Handball,1983-09-06
1559066,FORSBERG Thomas,Male,Assistant Coach,Sweden,Handball,1980-09-04
1559067,AXNER Tomas,Male,Head Coach,Sweden,Handball,1969-11-30
1560169,DIOVOL Alioune,Male,Coach,Senegal,Taekwondo,1979-06-19
1561282,da ROCHA Cristiano,Male,Head Coach,Brazil,Handball,1981-06-10
1561719,ALTENBURG Valentin,Male,Head Coach,Germany,Hockey,1981-06-04
1561732,HENNING Andre,Male,Head Coach,Germany,Hockey,1983-12-03
1561734,SCHMITZ Johannes,Male,Assistant Coach,Germany,Hockey,1988-03-23
1561740,ARKELL Robin,Male,Coach,Germany,Hockey,1988-05-18
1561741,GADEMAN Pasha,Male,Assistant Coach,Germany,Hockey,1988-03-06
1562260,WEIDINGER Markus,Male,Coach,Austria,Taekwondo,1984-12-25
1562563,SOLBERG Glenn,Male,Head Coach,Sweden,Handball,1972-02-18
1562564,SVENSSON Tomas,Male,Assistant Coach,Sweden,Handball,1968-02-15
1562566,APELGREN Michael,Male,Assistant Coach,Sweden,Handball,1984-08-20
1562778,TANKOUCHEV Milko,Male,Coach,Bulgaria,Artistic Gymnastics,1958-12-15
1562790,YANEV Filip,Male,Coach,Bulgaria,Artistic Gymnastics,1982-03-10
1562963,WINIARSKI Michal,Male,Head Coach,Germany,Volleyball,1983-09-28
1562973,RANNER Thomas,Male,Assistant Coach,Germany,Volleyball,1987-07-31
1562974,POSMYK Dominik,Male,Assistant Coach,Germany,Volleyball,1995-08-12
1563661,SALLAH Mariama M.,Female,Coach,Gambia,Taekwondo,1975-01-17
1563956,TUMILTY Mark,Male,Head Coach,Ireland,Hockey,1900-01-01
1563966,TOTH Balazs,Male,Coach,Germany,Taekwondo,1983-08-31
1564287,QUSAI MUNIR,Male,Assistant Coach,Iraq,Football,1980-04-12
1564321,CRUZ LOPEZ Jose L,Male,Assistant Coach,Puerto Rico,Basketball,1969-10-03
1564323,COLON Nelson,Male,Coach,Puerto Rico,Basketball,1978-01-24
1564325,CRUZ Rafael,Male,Assistant Coach,Puerto Rico,Basketball,1979-08-14
1564413,BESHEER Gamal,Male,Coach,Egypt,Artistic Gymnastics,1970-10-30
1564469,MOHAMED Ahmed,Male,Coach,Egypt,Artistic Gymnastics,1986-11-26
1564470,ABDELMEGUID Zakaria,Male,Coach,Egypt,Artistic Gymnastics,1975-02-23
1564477,MOHAMED Mayar,Female,Coach,Egypt,Rhythmic Gymnastics,1992-07-14
1564481,HUSSEIN Noha,Female,Coach,Egypt,Rhythmic Gymnastics,1988-02-09
1565043,MOUNDOUNGA KOMBILA Stephane,Male,Coach,Gabon,Taekwondo,1986-11-07
1565143,MLADENOVA Albena,Female,Coach,Austria,Artistic Swimming,1964-06-10
1565591,AL-ASSAF Faris,Male,Coach,Jordan,Taekwondo,1981-11-21
1565609,ALSADEQ Yazan,Male,Coach,Jordan,Taekwondo,1993-06-29
1565612,ALJALLAD Riham,Female,Coach,Jordan,Taekwondo,1983-05-06
1565657,KRAVCHENKO Sergiy,Male,Assistant Coach,Ukraine,Football,1983-04-24
1565672,ROTAN Ruslan,Male,Head Coach,Ukraine,Football,1900-01-01
1565759,SIREKANYAN Gurgen,Male,Coach,Jordan,Artistic Gymnastics,1981-11-15
1566325,FREHSE Gabriele,Female,Coach,Austria,Artistic Gymnastics,1960-10-25
1566746,SAHIN Ali,Male,Coach,Türkiye,Taekwondo,1967-06-02
1566749,TAZEGUL Servet,Male,Coach,Türkiye,Taekwondo,1988-09-26
1567065,BABEL Vincent,Male,Coach,Suriname,Taekwondo,1975-06-26
1568152,GOKTEKIN Yilmaz,Male,Coach,Türkiye,Artistic Gymnastics,1972-01-01
1568153,NURI Tufan,Male,Coach,Türkiye,Artistic Gymnastics,1991-01-01
1568648,GOJKOVIC Vladimir,Male,Head Coach,Montenegro,Water Polo,1981-01-29
1569994,TOMAS Toni,Male,Coach,Great Britain,Taekwondo,1980-12-17
1569995,LAURA Veljko,Male,Coach,Croatia,Taekwondo,1984-08-12
1569996,MESAROV Dejan,Male,Coach,Croatia,Taekwondo,1983-07-06
1572261,GALAMBOS Bence,Male,Coach,Hungary,Taekwondo,1992-11-30
1572269,MARTON Luana,Female,Coach,Hungary,Taekwondo,2006-02-16
1572364,SALIM Gergely,Male,Coach,Hungary,Taekwondo,1972-04-01
1572370,SALIM Sharif Gergely,Male,Coach,Hungary,Taekwondo,2002-02-26
1572373,MIKKONEN Suvi,Female,Coach,Hungary,Taekwondo,1988-07-11
1572650,ROUSSEAUX Emile,Male,Head Coach,France,Volleyball,1961-04-03
1572652,ANDRE Felix,Male,Assistant Coach,France,Volleyball,1987-03-19
1572654,GAUTHIER Charles,Male,Assistant Coach,France,Volleyball,1981-12-31
1573466,TOUPANE Jean Aime,Male,Coach,France,Basketball,1958-01-12
1573467,MELAIN Catherine,Female,Assistant Coach,France,Basketball,1974-05-19
1573468,GAUTIER David,Male,Assistant Coach,France,Basketball,1980-01-08
1573469,HALIN Gregory,Male,Coach,France,Basketball,1972-04-12
1573470,LEONARD Christophe,Male,Coach,France,Basketball,1990-01-03
1573668,COLLET Vincent,Male,Coach,France,Basketball,1963-06-06
1573669,DONNADIEU Pascal,Male,Assistant Coach,France,Basketball,1964-05-29
1573670,ATKINSON Kenny,Male,Assistant Coach,France,Basketball,1967-06-02
1573671,NELHOMME Ruddy,Male,Coach,France,Basketball,1972-03-15
1573672,GOMIS Joseph,Male,Coach,France,Basketball,1978-07-02
1574076,CIAMARRA Roberto,Male,Assistant Coach,France,Volleyball,1982-03-30
1574080,GEILER Loic,Male,Assistant Coach,France,Volleyball,1984-04-14
1574082,GIANI Andrea,Male,Head Coach,France,Volleyball,1970-04-22
1830240,WENG Shih-Hang,Male,Coach,Chinese Taipei,Artistic Gymnastics,1982-10-20
1835894,TSAI Heng-Cheng,Male,Coach,Chinese Taipei,Artistic Gymnastics,1978-10-03
1878950,SANTARELLI Daniele,Male,Head Coach,Türkiye,Volleyball,1981-06-08
1878952,FLISI Diego,Male,Assistant Coach,Türkiye,Volleyball,1979-05-09
1878956,ZOTTA Andrea,Male,Assistant Coach,Türkiye,Volleyball,1994-12-27
1879044,VATANSEVER Recep,Male,Assistant Coach,Türkiye,Volleyball,1991-01-17
1879645,DARET Jerome,Male,Head Coach,France,Rugby Sevens,1974-12-26
1879871,KRUMBHOLZ Olivier,Male,Head Coach,France,Handball,1958-07-12
1879872,GARDILLOU Sebastien,Male,Assistant Coach,France,Handball,1975-08-29
1879875,LEYNAUD Amandine,Female,Assistant Coach,France,Handball,1986-05-02
1880219,GALKIN Evgeniy,Male,Coach,Uzbekistan,Artistic Gymnastics,1952-07-08
1880226,ABDUSAMATOV Khusniddin,Male,Coach,Uzbekistan,Artistic Gymnastics,1996-04-08
1880388,MWEMA Kevin,Male,Head Coach,Kenya,Rugby Sevens,1985-10-08
1880389,AMONDE Andrew,Male,Assistant Coach,Kenya,Rugby Sevens,1983-12-25
1880390,KISIA Louis,Male,Assistant Coach,Kenya,Rugby Sevens,1986-09-03
1880620,HRUBESCH Horst,Male,Head Coach,Germany,Football,1951-04-17
1880626,CARLSON Britta,Female,Assistant Coach,Germany,Football,1978-03-03
1880629,FUCHS Michael,Male,Goalkeeper Coach,Germany,Football,1970-01-04
1880639,NOERENBERG Thomas,Male,Assistant Coach,Germany,Football,1963-12-25
1880657,MUKHAMEDOVA Rano,Female,Coach,Uzbekistan,Rhythmic Gymnastics,1989-04-24
1880659,VLASOVA Liliya,Female,Coach,Uzbekistan,Rhythmic Gymnastics,1981-06-26
1887640,KHAN Pavel,Male,Coach,Uzbekistan,Taekwondo,1984-12-08
1887642,RAFALOVICH Maksim,Male,Coach,Uzbekistan,Taekwondo,1990-05-13
1887644,KHAN Vladimir,Male,Coach,Uzbekistan,Taekwondo,1984-12-06
1887648,BAYKUZIYEV Jasur,Male,Coach,Uzbekistan,Taekwondo,1986-09-04
1888131,PAKKAN Saim,Male,Assistant Coach,Serbia,Volleyball,1989-03-27
1888241,NISHIIRI Toshihiro,Male,Goalkeeper Coach,Japan,Football,1977-09-03
1888242,IKEDA Futoshi,Male,Head Coach,Japan,Football,1970-10-04
1888246,MIYAMOTO Tomomi,Female,Assistant Coach,Japan,Football,1978-12-31
1888338,MENEZES Jude,Male,Head Coach,Japan,Hockey,1971-05-08
1888344,OZAWA Kazuyuki,Male,Assistant Coach,Japan,Hockey,1979-02-27
1888372,ERSIMSEK Ahmetcan,Male,Assistant Coach,Serbia,Volleyball,1992-05-13
1888498,ROTHMAN Neville,Male,Assistant Coach,Ireland,Hockey,1977-06-13
1891425,GELLE Noemi Katalin,Female,Coach,Hungary,Rhythmic Gymnastics,1975-09-29
1891653,NAGANUMA Atsushi,Male,Assistant Coach,Japan,Water Polo,1982-09-22
1891659,HAZUI Shota,Male,Assistant Coach,Japan,Water Polo,1986-09-30
1891667,SHIOTA Yoshinori,Male,Head Coach,Japan,Water Polo,1982-08-12
1891684,KAWAI Mayo,Female,Coach,Japan,Artistic Swimming,1991-11-01
1891686,KASHIMA Tomoyo,Female,Coach,Japan,Artistic Swimming,1995-02-17
1891688,NAKAJIMA Takako,Female,Coach,Japan,Artistic Swimming,1986-09-25
1892047,KAPADZE Timur,Male,Head Coach,Uzbekistan,Football,1981-09-05
1892050,CHIGODAEV Sergey,Male,Assistant Coach,Uzbekistan,Football,1987-06-28
1893216,GILLE Guillaume,Male,Head Coach,France,Handball,1900-01-01
1893217,MATHE Erick,Male,Assistant Coach,France,Handball,1971-07-23
1893323,ALONSO TAPIA Rosendo,Male,Coach,France,Taekwondo,1979-10-03
1893324,ALONSO TAPIA Gulsah,Female,Coach,France,Taekwondo,1980-09-15
1893325,JUNG Woomin,Male,Coach,France,Taekwondo,1986-04-09
1894657,WILLE Jonas,Male,Head Coach,Norway,Handball,1976-05-20
1894659,EGE Steinar,Male,Assistant Coach,Norway,Handball,1972-04-10
1894661,BOQUIST Martin,Male,Assistant Coach,Norway,Handball,1977-02-02
1894662,OLSSON Mats,Male,Assistant Coach,Norway,Handball,1960-01-12
1894663,HERGEIRSSON Thorir,Male,Head Coach,Norway,Handball,1964-04-27
1894666,LARSEN Tonje,Female,Assistant Coach,Norway,Handball,1975-01-26
1894756,JOERGENSEN Michael,Male,Coach,Norway,Taekwondo,1963-01-05
1895149,DRASOCZKY Imre,Male,Coach,Hungary,Artistic Gymnastics,1968-11-15
1895269,BRUUN Michael,Male,Assistant Coach,Denmark,Handball,1970-10-08
1895270,JOERGENSEN Lars,Male,Assistant Coach,Denmark,Handball,1978-02-03
1895275,KRONBORG Henrik,Male,Assistant Coach,Denmark,Handball,1970-06-16
1895276,JACOBSEN Nikolaj,Male,Head Coach,Denmark,Handball,1971-11-22
1895279,JENSEN Jesper,Male,Head Coach,Denmark,Handball,1977-10-30
1895408,SOYEZ Frederic,Male,Head Coach,France,Hockey,1978-02-11
1895409,SALA Ramon,Male,Assistant Coach,France,Hockey,1971-08-08
1895410,LOMBI Jorge,Male,Assistant Coach,France,Hockey,1971-11-01
1895517,SZUCS Robert,Male,Coach,Hungary,Artistic Gymnastics,1972-11-10
1895520,TRENKA Janos,Male,Coach,Hungary,Artistic Gymnastics,1979-10-07
1896158,HARVEY Mike,Male,Coach,Great Britain,Taekwondo,1989-09-21
1896160,MAIZEROI Torann,Male,Coach,Great Britain,Taekwondo,1989-04-01
1896164,MILLER Nelson,Male,Coach,Great Britain,Taekwondo,1965-11-18
1896167,STAMPER Martin,Male,Coach,Great Britain,Taekwondo,1986-08-21
1896246,POLJAKOVA Shanna,Female,Coach,Germany,Artistic Gymnastics,1960-09-12
1896251,BELENKI Valeri,Male,Coach,Germany,Artistic Gymnastics,1969-09-05
1896252,CATANOIU Grigore,Male,Coach,Germany,Artistic Gymnastics,1969-12-28
1896253,BRYLOK Hubert,Male,Coach,Germany,Artistic Gymnastics,1960-02-10
1896258,TEMME Kay,Male,Coach,Germany,Artistic Gymnastics,1971-08-16
1896262,PFEFFER Camilla,Female,Coach,Germany,Rhythmic Gymnastics,1993-01-24
1896275,RASKINA Yuliya,Female,Coach,Germany,Rhythmic Gymnastics,1982-04-09
1896279,CAMICIOTTI Giacomo,Male,Coach,Germany,Artistic Gymnastics,1985-05-20
1896290,DUNAVSKA MINEKOVA Kameliya,Female,Coach,Germany,Rhythmic Gymnastics,1969-04-21
1896562,PARECKI Antoni Jerzy,Male,Assistant Coach,Japan,Handball,1960-06-13
1896698,SNYMAN Philip,Male,Head Coach,South Africa,Rugby Sevens,1987-03-26
1896700,LUCKAN Ghafoer,Male,Assistant Coach,South Africa,Rugby Sevens,1985-12-18
1897091,GONZALEZ NUNEZ Arlen,Male,Coach,Cuba,Taekwondo,1974-05-26
1897234,SHARABI Yechiam,Male,Coach,Israel,Taekwondo,1978-08-27
1897292,BLECHER SIDOROVA Svetlana,Female,Coach,Israel,Artistic Swimming,1965-06-17
1897395,ABDELRAHMAN Osama,Male,Coach,Egypt,Taekwondo,1973-11-27
1897398,YOUSSEF Mohamed,Male,Coach,Egypt,Taekwondo,1977-03-05
1897518,ZAITSEVA Olesia,Female,Coach,Ukraine,Artistic Swimming,1974-11-08
1897547,SARTYNSKYI Gennadii,Male,Coach,Ukraine,Artistic Gymnastics,1953-10-30
1897548,GORBACHEVA Iryna,Female,Coach,Ukraine,Artistic Gymnastics,1984-07-04
1897550,KAIUKOVA Iuliia,Female,Coach,Ukraine,Artistic Gymnastics,1989-08-22
1897590,DERYUGINA Iryna,Female,Coach,Ukraine,Rhythmic Gymnastics,1958-01-11
1897591,BLOKHINA Iryna,Female,Coach,Ukraine,Rhythmic Gymnastics,1983-01-15
1897592,KARDASH Maryna,Female,Coach,Ukraine,Rhythmic Gymnastics,1974-05-20
1897594,VASYLIEVA Marharyta,Female,Coach,Ukraine,Rhythmic Gymnastics,1999-05-02
1897752,KHOLOD Maryna,Female,Coach,New Zealand,Artistic Swimming,1980-08-23
1897775,RA Sanghyun,Male,Coach,Fiji,Taekwondo,1972-07-26
1897904,KIM Hyou Mi,Female,Coach,Korea,Artistic Swimming,1983-11-30
1898398,ROSILLO ATENCIA Jose Antonio,Male,Coach,Norway,Taekwondo,1990-05-20
1898540,LAI Yawen,Female,Assistant Coach,China,Volleyball,1900-01-01
1898944,HERBERT Gordie,Male,Coach,Germany,Basketball,1959-02-16
1898950,THOMAIDIS Lisa,Female,Coach,Germany,Basketball,1971-07-23
1898951,PARSONS Sidney,Female,Assistant Coach,Germany,Basketball,1987-12-05
1898953,MEADOWS Clarissa,Female,Assistant Coach,Germany,Basketball,1984-05-28
1898956,THUSS Anne,Female,Coach,Germany,Basketball,1963-01-30
1898959,PERWAS Klaus,Male,Assistant Coach,Germany,Basketball,1971-03-08
1898960,BRIELMEIER Bret,Male,Coach,Germany,Basketball,1985-11-28
1898962,HERBERT Daniel,Male,Assistant Coach,Germany,Basketball,1994-09-28
1899054,REVINGTON Paul,Male,Head Coach,Great Britain,Hockey,1973-09-07
1899056,BROWNE Kwan,Male,Coach,Great Britain,Hockey,1977-12-11
1899057,GLYNN Katie,Female,Assistant Coach,Great Britain,Hockey,1989-03-14
1899058,HICKMAN Mark,Male,Coach,Great Britain,Hockey,1973-08-22
1899060,PAUL Jody,Male,Coach,Great Britain,Hockey,1976-05-25
1899061,RALPH David,Male,Head Coach,Great Britain,Hockey,1972-08-17
1899062,SIEBEN Craig,Male,Coach,Great Britain,Hockey,1983-09-29
1899085,GRESKOWIAK Arne,Male,Coach,Germany,Basketball,1984-07-28
1899175,HOLGUIN Ramon,Male,Coach,Dominican Republic,Artistic Gymnastics,1974-05-19
1899285,WUDTKE Erik,Male,Assistant Coach,Germany,Handball,1972-07-17
1899286,BEPPLER Jochen,Male,Assistant Coach,Germany,Handball,1979-08-30
1899289,ANDERSSON Mattias,Male,Assistant Coach,Germany,Handball,1978-03-29
1899294,GISLASON Alfred,Male,Head Coach,Germany,Handball,1959-09-07
1899296,GAUGISCH Markus,Male,Head Coach,Germany,Handball,1974-04-20
1899298,JANKOVIC Jasmina,Female,Assistant Coach,Germany,Handball,1986-12-06
1900728,HENRY Thierry,Male,Head Coach,France,Football,1977-08-17
1900729,BATICLE Gerald,Male,Assistant Coach,France,Football,1969-09-10
1900730,CLICHY Gael,Male,Assistant Coach,France,Football,1985-07-26
1900731,JANOT Jeremie,Male,Goalkeeper Coach,France,Football,1977-10-11
1901253,PEREIRA BRAVO Joao,Male,Assistant Coach,Canada,Volleyball,1979-01-07
1901258,SAMMELVUO Tuomas,Male,Head Coach,Canada,Volleyball,1976-02-16
1901261,HAWKINS Michael,Male,Assistant Coach,Canada,Volleyball,1989-10-24
1901805,ZHENG Wei,Female,Coach,China,Basketball,1968-09-26
1901806,JIA Nan,Male,Coach,China,Basketball,1974-03-03
1901810,PARK Myungsoo,Male,Assistant Coach,China,Basketball,1962-02-22
1901818,RUPEREZ Cesar,Male,Assistant Coach,China,Basketball,1975-05-17
1901832,USUI Tomohiro,Male,Coach,Japan,Basketball,1991-07-19
1901835,KONNO Kakeru,Male,Assistant Coach,Japan,Basketball,1994-01-26
1901836,SUZUKI Yoshikazu,Male,Assistant Coach,Japan,Basketball,1979-06-08
1901839,ONZUKA Toru,Male,Coach,Japan,Basketball,1979-06-05
1901846,SASSA Norio,Male,Coach,Japan,Basketball,1984-05-13
1901849,GAINES Corey,Male,Assistant Coach,Japan,Basketball,1965-06-01
1901850,HOVASSE Tom,Male,Coach,Japan,Basketball,1967-01-31
1901851,KATSUHISA Geoffrey,Male,Assistant Coach,Japan,Basketball,1981-05-18
1902695,CHOI Chatchai,Male,Coach,Thailand,Taekwondo,1974-04-30
1902795,SONKHAM Chanatip,Female,Coach,Thailand,Taekwondo,1991-03-01
1902914,RUSEK Pawel,Male,Assistant Coach,Poland,Volleyball,1983-01-21
1902918,GRBIC Nikola,Male,Head Coach,Poland,Volleyball,1973-09-06
1902919,SWACZYNA Adam,Male,Assistant Coach,Poland,Volleyball,1989-05-04
1903371,MATOSEVIC Valter,Male,Assistant Coach,Croatia,Handball,1970-06-11
1903379,SIGURDSSON Dagur,Male,Head Coach,Croatia,Handball,1973-04-03
1903381,SPOLJARIC Denis,Male,Assistant Coach,Croatia,Handball,1979-08-20
1903569,DUPUIS Kevin,Male,Coach,France,Artistic Gymnastics,1991-10-12
1903570,GEORGE Martine,Female,Coach,France,Artistic Gymnastics,1974-10-19
1903575,POTAPENKO Valentin,Male,Coach,France,Artistic Gymnastics,1956-01-14
1903577,HAGARD Monique,Female,Coach,France,Artistic Gymnastics,1965-12-08
1903584,BARANOVA VOLCHETSKAYA Anna,Female,Coach,France,Rhythmic Gymnastics,1952-03-03
1903585,BAYON Sara,Female,Coach,France,Rhythmic Gymnastics,1981-05-19
1903590,GUILLIERE Katia,Female,Coach,France,Rhythmic Gymnastics,1973-12-02
1903594,MILAN Gregory,Male,Coach,France,Rhythmic Gymnastics,1973-03-15
1903707,ABDELFATTAH Aziza,Female,Coach,Egypt,Artistic Swimming,1990-12-08
1903722,MOHAMED Mai,Female,Coach,Egypt,Artistic Swimming,1990-04-04
1903754,LATIF Yasmine,Female,Coach,Egypt,Artistic Swimming,1982-12-12
1903771,FABRE Julie,Female,Coach,France,Artistic Swimming,1976-06-27
1903772,OBRY Laure,Female,Coach,France,Artistic Swimming,1978-07-02
1903773,ANNEQUIN Marie,Female,Coach,France,Artistic Swimming,1992-02-19
1903829,ANGILLIS Pascal,Male,Assistant Coach,Belgium,Basketball,1972-03-06
1903832,KAISER Pierre-Yves,Male,Coach,Belgium,Basketball,1988-06-16
1903833,LORENT Jill,Female,Assistant Coach,Belgium,Basketball,1987-08-31
1903888,de SCHEPPER Bram,Male,Coach,Belgium,Artistic Gymnastics,1988-07-07
1903889,DECKX Stefan,Male,Coach,Belgium,Artistic Gymnastics,1979-02-09
1903900,RECKINGER Xavier,Male,Assistant Coach,Belgium,Hockey,1983-12-20
1904214,JEONG Eul Jin,Male,Coach,Korea,Taekwondo,1971-04-23
1904215,KANG Bo Hyeon,Female,Coach,Korea,Taekwondo,1991-09-08
1904220,LEE Dongchul,Male,Coach,Korea,Taekwondo,1978-03-18
1904221,OH Hyeri,Female,Coach,Korea,Taekwondo,1988-04-30
1904223,SON Hyo Bong,Male,Coach,Korea,Taekwondo,1972-04-12
1904759,BEAGLEY Michael,Male,Coach,Great Britain,Artistic Gymnastics,1968-11-07
1904761,CLAY Jenny,Female,Coach,Great Britain,Artistic Gymnastics,1988-05-17
1904762,COLLIE Barry,Male,Coach,Great Britain,Artistic Gymnastics,1979-01-10
1904765,HALL Paul,Male,Coach,Great Britain,Artistic Gymnastics,1964-04-29
1904766,HANN Scott,Male,Coach,Great Britain,Artistic Gymnastics,1980-06-26
1904767,HOWELLS Ben,Male,Coach,Great Britain,Artistic Gymnastics,1976-03-27
1904768,INCE Brett,Male,Coach,Great Britain,Artistic Gymnastics,1988-05-23
1904769,KENWRIGHT David,Male,Coach,Great Britain,Artistic Gymnastics,1963-04-25
1904771,RICHARDSON Joshua,Male,Coach,Great Britain,Artistic Gymnastics,1991-03-15
1904772,RICHARDSON Molly,Female,Coach,Great Britain,Artistic Gymnastics,1995-04-12
1904775,TRANDABURU Ionut,Male,Coach,Great Britain,Artistic Gymnastics,1977-03-29
1904996,JANKOVSKY Viktor,Male,Coach,Czechia,Taekwondo,1988-08-16
1904998,ZHEREBCHEVSKYI Anton,Male,Coach,Czechia,Taekwondo,1989-10-21
1904999,HYBRANT Bohuslav,Male,Coach,Czechia,Taekwondo,1968-03-13
1906041,FOULARD Gael,Male,Head Coach,France,Hockey,1972-04-16
1906042,JAQUET Nicolas,Male,Assistant Coach,France,Hockey,1976-05-06
1906448,LORANTOS Theodoros,Male,Head Coach,France,Water Polo,1971-07-05
1906454,DERENTY Lorene,Female,Assistant Coach,France,Water Polo,1994-09-04
1906462,BRUZZO Florian,Male,Head Coach,France,Water Polo,1982-06-12
1906468,KOBESCAK Vjekoslav,Male,Assistant Coach,France,Water Polo,1974-01-20
1908234,MENDEZ Marcelo,Male,Head Coach,Argentina,Volleyball,1964-06-20
1908241,LOPEZ Martin,Male,Assistant Coach,Argentina,Volleyball,1980-10-17
1908245,RICO GOLBA Pablo,Male,Assistant Coach,Argentina,Volleyball,1966-11-03
1908299,ALVAREZ Jorge,Male,Coach,Argentina,Taekwondo,1989-06-23
1908401,ARROYO Gavin,Male,Assistant Coach,United States,Water Polo,1972-05-10
1908402,UDOVICIC Dejan,Male,Head Coach,United States,Water Polo,1970-07-26
1908403,USTASZEWSKI Matt,Male,Assistant Coach,United States,Water Polo,1981-05-17
1908408,CAHILL Molly,Female,Assistant Coach,United States,Water Polo,1985-04-21
1908409,KRIKORIAN Adam,Male,Head Coach,United States,Water Polo,1974-07-22
1908410,OEDING Chris,Male,Assistant Coach,United States,Water Polo,1971-09-10
1908549,AMADOU Soumaila,Male,Coach,Niger,Taekwondo,1967-10-09
1908649,KWIEK Marcos,Male,Head Coach,Dominican Republic,Volleyball,1967-07-18
1908654,ROCHA PACHECO Wagner,Male,Assistant Coach,Dominican Republic,Volleyball,1977-01-26
1908776,YAMAMOTO Hayato,Male,Assistant Coach,Japan,Rugby Sevens,1982-04-16
1908788,AMOR Simon Daniel Edward,Male,Head Coach,Japan,Rugby Sevens,1979-04-25
1908796,SUZUKI Takashi,Male,Head Coach,Japan,Rugby Sevens,1981-01-18
1908800,SAKATA Takahiro,Male,Assistant Coach,Japan,Rugby Sevens,1971-04-07
1908801,UMEDA Koichi,Male,Assistant Coach,Japan,Rugby Sevens,1987-05-30
1908804,KANEMATSU Yuka,Female,Assistant Coach,Japan,Rugby Sevens,1982-06-17
1908808,SANCHEZ DURAN Wilson,Male,Assistant Coach,Dominican Republic,Volleyball,1977-07-01
1908861,ZHANG Xiaohuan,Female,Coach,China,Artistic Swimming,1980-08-19
1908862,WANG Jiuli,Female,Coach,China,Artistic Swimming,1969-04-27
1908863,HE Xiaochu,Female,Coach,China,Artistic Swimming,1982-04-04
1908864,SHEN Yingsha,Female,Coach,China,Artistic Swimming,1979-01-05
1908865,TARRES CAMPA Ana,Female,Coach,China,Artistic Swimming,1967-10-19
1908866,ZHAO Dantong,Female,Coach,China,Artistic Swimming,1989-01-13
1909191,BUGDAEV Kurban,Male,Coach,Saudi Arabia,Taekwondo,1980-06-23
1909799,ASMOLOV Natalia,Female,Coach,Israel,Rhythmic Gymnastics,1961-05-19
1909813,MAYRIN Ida,Female,Coach,Israel,Rhythmic Gymnastics,1997-10-30
1909827,SZUCS Krisztian,Male,Coach,Hungary,Taekwondo,2000-12-11
1909847,STSIAPANAVA Natalia,Female,Coach,Israel,Rhythmic Gymnastics,1973-10-27
1909857,VAISBURG Sergei,Male,Coach,Israel,Artistic Gymnastics,1965-04-28
1909866,KLEFNER BEN SHIMOL Moran,Female,Coach,Israel,Artistic Gymnastics,1982-06-24
1909923,ELNAFRAWY Mohamed,Male,Assistant Coach,Egypt,Volleyball,1983-06-09
1909939,BEN JABALLAH Maaouia,Male,Coach,Tunisia,Archery,1957-06-28
1910378,GUAN Jianmin,Male,Coach,China,Taekwondo,1963-05-06
1910380,KIM Young Jin,Male,Coach,China,Taekwondo,1976-12-11
1910382,KONG Fantao,Female,Coach,China,Taekwondo,1978-03-13
1910489,ZUSSMAN Ayelet,Female,Coach,Israel,Rhythmic Gymnastics,1979-03-27
1910511,SAMOFALOV Ela,Female,Coach,Israel,Rhythmic Gymnastics,1966-05-09
1911256,ARZA Carlos Vivier,Male,Head Coach,Angola,Handball,1973-10-24
1912238,CATITO Nelson,Male,Assistant Coach,Angola,Handball,1969-09-21
1913681,CAI Bin,Male,Head Coach,China,Volleyball,1966-10-04
1913682,LI Yanlong,Male,Assistant Coach,China,Volleyball,1980-03-22
1913683,YUAN Zhi,Male,Assistant Coach,China,Volleyball,1981-09-29
1914566,HYTTEL Tobias,Male,Coach,Denmark,Taekwondo,2002-01-06
1914822,SETTA Tarik,Male,Coach,Denmark,Taekwondo,1981-01-18
1914903,ACHARKI Aziz,Male,Coach,Denmark,Taekwondo,1972-03-27
1915796,TUCAK Ivica,Male,Head Coach,Croatia,Water Polo,1970-02-08
1915797,POSINKOVIC Renco,Male,Assistant Coach,Croatia,Water Polo,1964-01-04
1915807,MARELJA Jure,Male,Assistant Coach,Croatia,Water Polo,1980-04-01
1915986,COURTEIX David,Male,Head Coach,France,Rugby Sevens,1972-05-30
1915987,IGARZA Germain,Male,Assistant Coach,France,Rugby Sevens,1983-06-06
1917115,COULIBALY Abdoulaye,Male,Assistant Coach,Mali,Football,1985-03-18
1917164,DIALLO Badara Alou,Male,Head Coach,Mali,Football,1969-12-31
1917720,DUNPHY Marv,Male,2nd Assistant Coach,United States,Volleyball,1948-01-07
1917721,KIRALY Karch,Male,Head Coach,United States,Volleyball,1960-11-03
1917722,MIYASHIRO Tama,Female,Assistant Coach,United States,Volleyball,1987-07-08
1917723,REFT Alfee,Male,Assistant Coach,United States,Volleyball,1982-12-15
1917725,VIRTUE Erin,Female,Assistant Coach,United States,Volleyball,1983-04-13
1917858,BROWN Gareth,Male,Coach,United States,Taekwondo,1979-03-23
1918016,FUERBRINGER Matt,Male,Assistant Coach,United States,Volleyball,1974-01-29
1918018,SPERAW John,Male,Head Coach,United States,Volleyball,1971-10-18
1918019,WEBER Javi,Male,Assistant Coach,United States,Volleyball,1966-01-06
1918026,WALL Mike,Male,Assistant Coach,United States,Volleyball,1900-01-01
1918543,TOKUMOTO Yukito,Male,Assistant Coach,Japan,Volleyball,1976-10-09
1918556,BLAIN Philippe,Male,Head Coach,Japan,Volleyball,1960-05-20
1918560,FUKATSU Takayuki,Male,Assistant Coach,Japan,Volleyball,1988-11-09
1918568,ITOH Kenji,Male,Assistant Coach,Japan,Volleyball,1981-09-13
1918571,MANABE Masayoshi,Male,Head Coach,Japan,Volleyball,1963-08-21
1918572,KAWAKITA Gen,Male,Assistant Coach,Japan,Volleyball,1976-03-25
1918766,REZA Surian,Male,Coach,New Zealand,Artistic Gymnastics,1987-10-08
1918882,CHEN Wei,Male,Coach,China,Artistic Gymnastics,1968-12-10
1918883,HE Hua,Female,Coach,China,Artistic Gymnastics,1974-10-08
1918884,JIN Weiguo,Male,Coach,China,Artistic Gymnastics,1967-11-30
1918885,LI Dezhi,Male,Coach,China,Artistic Gymnastics,1981-09-20
1918886,LIU Jinyu,Male,Coach,China,Artistic Gymnastics,1982-02-17
1918887,LIU Tao,Male,Coach,China,Artistic Gymnastics,1974-06-26
1918889,LU le,Male,Coach,China,Artistic Gymnastics,1987-06-10
1918890,SUN Ping,Female,Coach,China,Artistic Gymnastics,1977-11-09
1918891,TENG Haibin,Male,Coach,China,Artistic Gymnastics,1985-01-02
1918893,WANG Liming,Male,Coach,China,Artistic Gymnastics,1972-03-01
1918894,XU Jinglei,Female,Coach,China,Artistic Gymnastics,1967-11-01
1918895,ZHANG Haiyan,Female,Coach,China,Artistic Gymnastics,1975-01-05
1918896,ZHENG Hao,Male,Coach,China,Artistic Gymnastics,1977-01-30
1918907,YE Sheng,Male,Coach,China,Artistic Gymnastics,1977-04-14
1919322,SOTOMURA Kazutoshi,Male,Coach,Japan,Artistic Gymnastics,1985-12-26
1919328,SHINTAKU Yuya,Male,Coach,Japan,Artistic Gymnastics,1983-11-03
1919335,TOYOSHIMA Risa,Female,Coach,Japan,Artistic Gymnastics,1977-08-15
1919338,TANAKA Hikaru,Male,Coach,Japan,Artistic Gymnastics,1972-07-19
1919341,SATO Hiroaki,Male,Coach,Japan,Artistic Gymnastics,1989-04-14
1919343,SAITO Yoshihiro,Male,Coach,Japan,Artistic Gymnastics,1976-08-29
1919511,JUN Jung Hooi,Male,Coach,Tajikistan,Taekwondo,1964-09-01
1919719,LIKHADZIYEUSKI Anatoli,Male,Coach,AIN,Taekwondo,1967-05-08
1919734,ANTONYAN Sahak,Male,Coach,Armenia,Artistic Gymnastics,1992-01-17
1919736,BERZHETS Viachaslau,Male,Coach,AIN,Taekwondo,1965-08-15
1919740,NAZARYAN Hayk,Male,Coach,Armenia,Artistic Gymnastics,1983-10-13
1919741,OGANESIANTC Avetis,Male,Coach,AIN,Taekwondo,1964-08-06
1921141,de GIORGI Ferdinando,Male,Head Coach,Italy,Volleyball,1961-10-10
1921142,CAPONERI Massimo,Male,Assistant Coach,Italy,Volleyball,1964-05-22
1921143,GIOLITO Nicola,Male,Assistant Coach,Italy,Volleyball,1976-09-12
1921148,VELASCO Julio,Male,Head Coach,Italy,Volleyball,1952-02-09
1921149,BARBOLINI Massimo,Male,Assistant Coach,Italy,Volleyball,1964-08-29
1921150,BERNARDI Lorenzo,Male,Assistant Coach,Italy,Volleyball,1968-08-11
1922666,van DAMME Koen,Male,Coach,Belgium,Artistic Gymnastics,1987-04-29
1924891,DUGONJIC Ivo Martin,Male,Head Coach,Uruguay,Rugby Sevens,1985-06-12
1924892,PUIG CARPANETO Gabriel,Male,Assistant Coach,Uruguay,Rugby Sevens,1990-02-04
1924915,PRUNSKAS Algimantas,Male,Coach,Lithuania,Artistic Gymnastics,1960-04-11
1925565,CAMPAGNA Alessandro,Male,Head Coach,Italy,Water Polo,1963-06-26
1925566,SILIPO Carlo,Male,Head Coach,Italy,Water Polo,1971-09-10
1925568,FARINELLI Roberta,Female,Coach,Italy,Artistic Swimming,1970-02-06
1925590,POMILIO Amedeo,Male,Assistant Coach,Italy,Water Polo,1967-02-11
1925602,GIALLOMBARDO Patrizia,Female,Coach,Italy,Artistic Swimming,1964-07-19
1925620,di CECCA Cosimino,Male,Assistant Coach,Italy,Water Polo,1973-08-28
1925740,JANECKOVA Katerina,Female,Coach,Czechia,Artistic Gymnastics,1976-05-23
1925948,LEAL COLMENAREZ Mario,Male,Coach,Venezuela,Taekwondo,1984-11-16
1926042,MOHAMMED Aisha,Female,Coach,Nigeria,Basketball,1985-10-21
1926057,GARCIA CABRERA David,Male,Coach,Puerto Rico,Basketball,1982-06-22
1926527,DELANEY Mike,Male,Assistant Coach,New Zealand,Hockey,1989-04-17
1926529,McALEESE Shea,Male,Assistant Coach,New Zealand,Hockey,1984-08-07
1926530,CLARK Gregg,Male,Assistant Coach,New Zealand,Hockey,1971-01-11
1926532,NICOL Greg,Male,Head Coach,New Zealand,Hockey,1975-04-02
1926601,MACKINTOSH Euan,Male,Assistant Coach,New Zealand,Rugby Sevens,1985-09-06
1926602,SWEENEY Cory,Male,Head Coach,New Zealand,Rugby Sevens,1978-03-08
1926603,GIBBS Rodney,Male,Assistant Coach,New Zealand,Rugby Sevens,1969-05-12
1926604,COCKER Edwin,Male,Assistant Coach,New Zealand,Rugby Sevens,1980-11-03
1926605,CAMA Tomasi,Male,Head Coach,New Zealand,Rugby Sevens,1980-11-11
1926606,ROSS Stu,Male,Assistant Coach,New Zealand,Rugby Sevens,1976-01-26
1926607,MURPHY Amanda,Female,Assistant Coach,New Zealand,Rugby Sevens,1900-01-01
1926612,McMASTER Travis,Male,Assistant Coach,New Zealand,Rugby Sevens,1900-01-01
1927174,ANNAN Alyson Regina,Female,Head Coach,China,Hockey,1973-06-21
1927222,LU Zhuan,Male,Head Coach,China,Rugby Sevens,1983-11-18
1927223,PASQUALETTI Massimo,Male,Assistant Coach,China,Rugby Sevens,1988-08-11
1927270,GOMEZ AGUERA Salvador Emilio,Male,Assistant Coach,China,Water Polo,1968-03-11
1927271,JANE GIRALT Juan,Male,Head Coach,China,Water Polo,1953-05-31
1927274,WU Zhiyu,Male,Assistant Coach,China,Water Polo,1983-09-09
1927534,QU Tao,Female,Coach,China,Rhythmic Gymnastics,1973-04-23
1927535,SUN Dan,Female,Coach,China,Rhythmic Gymnastics,1986-09-04
1927537,XU Yanshu,Female,Coach,China,Rhythmic Gymnastics,1998-07-14
1927542,BLIZNYUK Anastasia,Female,Coach,China,Rhythmic Gymnastics,1994-06-28
1927873,LARHOLM Erik Jonas,Male,Assistant Coach,Korea,Handball,1981-01-25
1927879,RADIC Vanja,Female,Assistant Coach,Korea,Handball,1983-05-06
1927880,SIGNELL Kurt Henrik,Male,Head Coach,Korea,Handball,1976-01-02
1927972,AGAFONTSEV Sergiy,Male,Coach,"Hong Kong, China",Artistic Gymnastics,1970-07-07
1928060,KRCE Lucijan,Male,Coach,Croatia,Artistic Gymnastics,1975-01-30
1928061,MADAREVIC Vladimir,Male,Coach,Croatia,Artistic Gymnastics,1972-08-17
1928154,MWAPE Bruce,Male,Head Coach,Zambia,Football,1959-10-26
1928466,LAVARINI Stefano,Male,Head Coach,Poland,Volleyball,1979-01-17
1928467,VETTORI Nicola,Male,Assistant Coach,Poland,Volleyball,1971-05-06
1928468,PACHLINSKI Krystian,Male,Assistant Coach,Poland,Volleyball,1988-08-23
1928469,SUFA Bartosz,Male,Assistant Coach,Poland,Volleyball,1987-08-11
1928714,NTHALA Charity,Female,Assistant Coach,Zambia,Football,1990-08-30
1929274,KOHLOFFEL Markus,Male,Coach,EOR,Taekwondo,1971-01-25
1929291,ZAREEI SHAMSABADI Manni,Male,Coach,EOR,Taekwondo,1985-07-04
1929319,SABAH Asif,Male,Coach,EOR,Taekwondo,1969-09-18
1929643,YUSSUPOVA Aliya,Female,Coach,Kazakhstan,Rhythmic Gymnastics,1984-05-15
1929644,DUISENGALIYEVA Danissa,Female,Coach,Kazakhstan,Rhythmic Gymnastics,1995-11-11
1929663,NOLANO Claudio,Male,Coach,Italy,Taekwondo,1975-09-22
1929717,ALFARO RODRIGUEZ Santiago,Male,Assistant Coach,Uruguay,Rugby Sevens,1900-01-01
1930009,LEE KIM Daniel,Male,Coach,Uruguay,Taekwondo,1979-01-31
1930168,RENARD Herve,Male,Head Coach,France,Football,1968-09-30
1930169,BONADEI Laurent,Male,Assistant Coach,France,Football,1969-11-03
1930171,BLAHIC Eric,Male,Assistant Coach,France,Football,1965-05-02
1930172,FOUACHE Gilles,Male,Goalkeeper Coach,France,Football,1973-11-09
1930294,MAMAYEV Nursultan,Male,Coach,Kazakhstan,Taekwondo,1993-06-27
1930295,KIM Kwangsu,Male,Coach,Kazakhstan,Taekwondo,1972-12-02
1930296,BESBAYEV Olzhas,Male,Coach,Kazakhstan,Taekwondo,1986-12-16
1930311,SAGYNAYEV Kanat,Male,Coach,Kazakhstan,Taekwondo,1973-11-09
1930636,DOBLER Mauro,Male,Goalkeeper Coach,Argentina,Football,1900-01-01
1930646,ECHEVERRY Alex,Male,Assistant Coach,Colombia,Football,1900-01-01
1930666,PHIRI Yona,Male,Goalkeeper Coach,Zambia,Football,1980-04-27
1930695,GRAND'PIERRE Naomy Hope,Female,Coach,Haiti,Artistic Gymnastics,1997-04-16
1930765,LAMBDIN Stephen,Male,Coach,United States,Taekwondo,1988-03-09
1930922,ABARCA Megan,Female,Coach,United States,Artistic Swimming,1990-08-14
1931463,MWILA Florence,Female,Assistant Coach,Zambia,Football,1986-03-26
1931488,ELFAKHARANY Hany,Male,Assistant Coach,Egypt,Handball,1978-04-06
1931494,SIERRA MENDEZ Jose Manuel,Male,Assistant Coach,Egypt,Handball,1978-05-21
1931502,PASTOR GOMEZ Juan Carlos,Male,Head Coach,Egypt,Handball,1968-05-18
1931612,VATKIN Vladimir,Male,Coach,Kazakhstan,Artistic Gymnastics,1959-08-03
1931614,KURBANOV Khussanzhan,Male,Coach,Kazakhstan,Artistic Gymnastics,1961-02-01
1931616,KENESSOV Sapargali,Male,Coach,Kazakhstan,Artistic Gymnastics,1992-08-12
1932162,ALMAAZMI Abdalla,Male,Coach,Palestine,Taekwondo,1977-01-27
1932176,RODRIGUEZ VAQUERO Jose Maria,Male,Head Coach,Hungary,Handball,1980-01-05
1932535,VELASCO ENCINAS Miguel Angel,Male,Assistant Coach,Hungary,Handball,1984-03-20
1933104,ZOLGHADRI Farzad,Male,Coach,Bulgaria,Taekwondo,1992-05-09
1933362,GOLOVIN Vlagyimir Alekszandrovics,Male,Head Coach,Hungary,Handball,1970-03-21
1933372,PIGNICZKI Krisztina,Female,Assistant Coach,Hungary,Handball,1975-09-18
1933474,MASCHERANO Javier,Male,Head Coach,Argentina,Football,1984-06-08
1933569,MARSIGLIA Angelo,Male,Head Coach,Colombia,Football,1985-12-20
1933763,RODRIGUEZ Lucas,Male,Assistant Coach,Argentina,Football,1900-01-01
1934022,STILLITANO Leandro,Male,Assistant Coach,Argentina,Football,1900-01-01
1934443,AGUILAR ESTRADA Eduardo,Male,Assistant Coach,Spain,Hockey,1976-12-06
1934447,CALDAS Maximiliano,Male,Head Coach,Spain,Hockey,1973-03-09
1934451,GARCIA CUENCA Carlos,Male,Head Coach,Spain,Hockey,1973-01-26
1934452,GAVILAN MORAL Diego Manuel,Male,Coach,Spain,Hockey,1978-11-30
1934457,GUTIERREZ ZULAICA Lorena,Female,Coach,Spain,Hockey,1990-08-27
1934462,IGLESIAS BILBAO Alejandro,Male,Assistant Coach,Spain,Hockey,1980-06-21
1934463,JARO MOLINA Rafael,Male,Coach,Spain,Hockey,1984-06-28
1934464,LAZARO REINA Jordi,Male,Coach,Spain,Hockey,1987-06-28
1934466,MOVELLAN de la MAZA Borja,Male,Coach,Spain,Hockey,1979-12-24
1934467,PALOMERO MARTIN Oscar,Male,Coach,Spain,Hockey,1973-11-24
1934811,PEREZ Carlos,Male,Goalkeeper Coach,Colombia,Football,1900-01-01
1934831,CANTWELL Lynne,Female,Head Coach,South Africa,Rugby Sevens,1981-09-27
1934833,DAZEL Renfred,Male,Head Coach,South Africa,Rugby Sevens,1981-05-04
1934834,MOLOPYANE Obakeng,Male,Assistant Coach,South Africa,Rugby Sevens,1993-03-17
1934835,PARKER Naasier,Male,Head Coach,South Africa,Rugby Sevens,1988-04-16
1934837,AFRIKA Cecil,Male,Assistant Coach,South Africa,Rugby Sevens,1988-05-03
1935326,WAKAMA Rena,Female,Coach,Nigeria,Basketball,1992-04-11
1935341,OLAJUWON Alon,Female,Coach,Nigeria,Basketball,1998-07-06
1935667,FUENTES Andrea,Female,Coach,United States,Artistic Swimming,1983-04-07
1935669,TEIXEIRA Lara,Female,Coach,United States,Artistic Swimming,1987-11-26
1935695,RUIZ CASAS Jairo,Male,Coach,Colombia,Artistic Gymnastics,1956-06-19
1935699,LIM Alison,Female,Coach,Colombia,Artistic Gymnastics,1983-03-13
1935822,ALONSO CALVO Adria,Male,Coach,Spain,Artistic Gymnastics,1992-09-30
1935823,BANGO MELCON Benjamin,Male,Coach,Spain,Artistic Gymnastics,1965-11-18
1935824,BOTELLA PEREZ de LANDAZAB Isaac,Male,Coach,Spain,Artistic Gymnastics,1984-06-12
1935825,CARRASCAL RUBIO Alvaro,Male,Coach,Spain,Artistic Gymnastics,1985-07-24
1935826,CASIMIRO ROS Javier,Male,Coach,Spain,Artistic Gymnastics,1969-09-20
1935827,GUISADO MUNOZ Lucia,Female,Coach,Spain,Artistic Gymnastics,1965-02-17
1935828,MARTINEZ SANCHEZ Manuel Angel,Male,Coach,Spain,Artistic Gymnastics,1968-06-21
1935829,MIR HOMAR Pedro,Male,Coach,Spain,Artistic Gymnastics,1965-12-09
1935830,RUEDA BRAVO Eva,Female,Coach,Spain,Artistic Gymnastics,1971-09-13
1935831,SAN JOSE CRISTOBAL Almudena,Female,Coach,Spain,Artistic Gymnastics,1964-12-02
1935832,BROWN LOPEZ Dagmara,Female,Coach,Spain,Rhythmic Gymnastics,1955-10-05
1935833,FERRANDEZ ARENAS Monica,Female,Coach,Spain,Rhythmic Gymnastics,1974-10-25
1935834,GARCIA GARCES Maria,Female,Coach,Spain,Rhythmic Gymnastics,1991-05-03
1935835,LINARES GARCIA Marta,Female,Coach,Spain,Rhythmic Gymnastics,1986-01-31
1935836,MALCHAIR SELECQUE Caroline Martine,Female,Coach,Spain,Rhythmic Gymnastics,1982-05-31
1935837,PELAZ MOTA Ana,Female,Coach,Spain,Rhythmic Gymnastics,1987-09-24
1935838,QUEREDA FLORES Alejandra,Female,Coach,Spain,Rhythmic Gymnastics,1992-07-24
1936384,KASSMAN Edward,Male,Coach,Papua New Guinea,Taekwondo,1978-01-10
1936918,PABLO Jose,Male,Assistant Coach,Angola,Handball,1969-10-03
1938936,FERREIRINHA Jose,Male,Coach,Portugal,Artistic Gymnastics,1964-09-01
1940069,CAPORN Adam,Male,Assistant Coach,Australia,Basketball,1982-03-16
1940074,GOORJIAN Brian,Male,Coach,Australia,Basketball,1953-06-28
1940075,CHAMBERS Cheryl,Female,Assistant Coach,Australia,Basketball,1968-04-18
1940078,PATRICK David,Male,Coach,Australia,Basketball,1976-02-21
1940088,NIELSEN Matt,Male,Assistant Coach,Australia,Basketball,1978-02-03
1940089,GORISS Paul,Male,Assistant Coach,Australia,Basketball,1970-04-28
1940092,CARROLL Ryan,Male,Coach,Australia,Basketball,1980-03-02
1940093,BRONDELLO Sandy,Female,Coach,Australia,Basketball,1968-08-20
1940094,SEEBHOM Shannon,Male,Coach,Australia,Basketball,1988-02-01
1940331,PYSMENNA Oksana,Female,Coach,Korea,Artistic Swimming,1972-05-15
1940570,CHOI Jungyeol,Male,Coach,Korea,Artistic Gymnastics,1982-08-06
1940575,KIM Daeeun,Male,Coach,Korea,Artistic Gymnastics,1984-09-17
1940578,KIM Jihoon,Male,Coach,Korea,Artistic Gymnastics,1984-08-09
1940583,LEE Sunsung,Male,Coach,Korea,Artistic Gymnastics,1980-12-26
1940584,MIN Ayoung,Female,Coach,Korea,Artistic Gymnastics,1975-01-28
1940930,CSEH Sandor Viktor,Male,Assistant Coach,Hungary,Water Polo,1976-09-05
1941188,MUNALA Japheth,Male,Head Coach,Kenya,Volleyball,1963-11-30
1941189,BARASA James,Male,Assistant Coach,Kenya,Volleyball,1970-10-08
1941198,MIHOK Attila,Male,Head Coach,Hungary,Water Polo,1973-10-06
1941323,TORTOSA Hugo,Male,Coach,Lesotho,Taekwondo,1999-10-11
1941674,TOPARI Yusuf,Male,Coach,Australia,Artistic Gymnastics,1987-02-27
1941682,MITCHELL Katie,Female,Coach,Australia,Rhythmic Gymnastics,1979-04-18
1941683,BARABACH Mikhail,Male,Coach,Australia,Artistic Gymnastics,1955-01-06
1941685,WILSON Sean,Male,Coach,Australia,Artistic Gymnastics,1989-06-21
1941686,BELAN Tatsiana,Female,Coach,Australia,Rhythmic Gymnastics,1982-11-10
1941689,LI Xiaoqing,Female,Coach,Australia,Artistic Gymnastics,1971-01-14
1941847,DOUMBIA Bounafou,Male,Goalkeeper Coach,Mali,Football,1980-07-22
1941852,BARRETO Diego,Male,Goalkeeper Coach,Paraguay,Football,1900-01-01
1942626,DENIA Santi,Male,Head Coach,Spain,Football,1974-03-09
1942627,GORDO David,Male,Assistant Coach,Spain,Football,1970-02-02
1942638,MARTINEZ Ruben,Male,Goalkeeper Coach,Spain,Football,1900-01-01
1942803,ZIMMERMANN Matthieu,Male,Coach,Belgium,Artistic Gymnastics,1986-02-22
1942804,EHREN Raoul,Male,Head Coach,Belgium,Hockey,1973-04-24
1942806,McLEOD Shane,Male,Assistant Coach,Belgium,Hockey,1968-09-04
1942816,GAMBLUCH Leonardo,Male,Coach,Belgium,Taekwondo,1973-09-03
1942828,VARGA Zsolt,Male,Head Coach,Hungary,Water Polo,1972-03-09
1942869,UGLESSICH Mariano,Male,Assistant Coach,Paraguay,Football,1900-01-01
1943302,HAYES Emma,Female,Head Coach,United States,Football,1976-10-18
1943308,REDDY Denise,Female,Assistant Coach,United States,Football,1970-09-14
1943311,SEARLE Stuart,Male,Goalkeeper Coach,United States,Football,1979-02-27
1943842,JARA SAGUIER Carlos,Male,Head Coach,Paraguay,Football,1950-11-01
1944188,COVELO Alex,Male,Assistant Coach,United States,Football,1978-05-19
1944189,MITROVIC Marko,Male,Head Coach,United States,Football,1978-07-08
1944190,PAYNE Russell,Male,Goalkeeper Coach,United States,Football,1975-07-03
1944191,SEGARES Gonzalo,Male,Assistant Coach,United States,Football,1982-10-13
1944971,MAYNE Michael,Male,Head Coach,New Zealand,Football,1985-02-15
1944972,REED Duncan,Male,Goalkeeper Coach,New Zealand,Football,1990-11-25
1944973,BAZELEY Darren,Male,Head Coach,New Zealand,Football,1972-10-05
1944974,GOTHARD Paul,Male,Goalkeeper Coach,New Zealand,Football,1974-06-24
1944977,READINGS Tony,Male,Assistant Coach,New Zealand,Football,1975-10-27
1944979,ELLIOTT Simon,Male,Assistant Coach,New Zealand,Football,1974-06-10
1945000,SARVER Keri,Female,Assistant Coach,New Zealand,Football,1976-03-30
1945433,POTTER Anthony,Male,Assistant Coach,Australia,Hockey,1972-05-11
1945439,BATCH Colin,Male,Head Coach,Australia,Hockey,1958-03-27
1945443,STANIFORTH Dave,Male,Coach,Australia,Hockey,1976-04-05
1945447,MURRAY Emma,Female,Assistant Coach,Australia,Hockey,1900-01-01
1945451,PURVIS Hugh,Male,Assistant Coach,Australia,Hockey,1991-08-03
1945457,DAVY Jeremy,Male,Coach,Australia,Hockey,1973-07-03
1945459,POWELL Katrina,Female,Head Coach,Australia,Hockey,1972-04-08
1945474,HAMMOND Rob,Male,Coach,Australia,Hockey,1981-05-06
1945548,LU Xiaohui,Male,Head Coach,China,Rugby Sevens,1975-05-17
1945549,ZHU Jiangtao,Male,Head Coach,China,Rugby Sevens,1981-11-03
1945550,MA Chong,Male,Head Coach,China,Rugby Sevens,1993-08-26
1945552,ZHU Jing,Male,Head Coach,China,Rugby Sevens,1985-08-05
1946315,CARNELI Ryan,Male,Coach,Australia,Taekwondo,1985-10-11
1946317,LEE Seokhun,Male,Coach,Australia,Taekwondo,1979-10-01
1946582,MACCARANI Emanuela,Female,Coach,Italy,Rhythmic Gymnastics,1966-09-20
1946583,ROVETTA Valentina,Female,Coach,Italy,Rhythmic Gymnastics,1980-07-24
1946585,MANCINELLI Claudia,Female,Coach,Italy,Rhythmic Gymnastics,1985-01-16
1946907,ABDULLAYEV Mammad,Male,Coach,Azerbaijan,Taekwondo,1976-07-07
1947221,RADONIC Vesna,Female,Coach,Montenegro,Rhythmic Gymnastics,1971-04-03
1947623,YANITSAS Andrew,Male,Assistant Coach,Australia,Water Polo,1980-03-14
1947628,DENIS Eddie,Male,Assistant Coach,Australia,Water Polo,1970-10-14
1947636,RIPPON Bec,Female,Head Coach,Australia,Water Polo,1978-12-26
1947637,WOODS Taryn,Female,Assistant Coach,Australia,Water Polo,1975-08-12
1947638,HAMILL Tim,Male,Head Coach,Australia,Water Polo,1976-12-27
1947758,SULTANOV Yesbol,Male,Coach,Tunisia,Taekwondo,1981-03-01
1947762,HECHMI Jendoubi,Male,Coach,Tunisia,Taekwondo,1962-06-01
1948319,MARTIN CEDRES Ambrosio Jose,Male,Head Coach,Spain,Handball,1968-04-30
1948320,MONTES AGUERA Cesar Jesus,Male,Assistant Coach,Spain,Handball,1975-01-06
1948321,PRADES PONS Jose Ignacio,Male,Assistant Coach,Spain,Handball,1975-09-08
1948322,RIBERA ROMANS Jordi,Male,Head Coach,Spain,Handball,1963-03-05
1948429,JAKOVLJEVIC Nenad,Male,Coach,Serbia,Basketball,1988-10-30
1948431,KOSTIC Oliver,Male,Assistant Coach,Serbia,Basketball,1973-02-20
1948432,MARINOVIC Marko,Male,Assistant Coach,Serbia,Basketball,1983-03-15
1948433,PESIC Svetislav,Male,Coach,Serbia,Basketball,1949-08-28
1948434,STOJAKOVIC Ognjen,Male,Coach,Serbia,Basketball,1981-09-29
1948438,SEKULIC Marko,Male,Coach,Serbia,Basketball,1980-07-17
1948749,BUTULIJA Dajana,Female,Assistant Coach,Serbia,Basketball,1986-02-23
1948750,DRLJACA Ljubica,Female,Assistant Coach,Serbia,Basketball,1978-08-04
1948752,MALJKOVIC Marina,Female,Coach,Serbia,Basketball,1981-09-26
1948764,PAGE Danielle Nicole,Female,Coach,Serbia,Basketball,1986-11-14
1948904,BEATTIE Ciaran,Male,Head Coach,Great Britain,Rugby Sevens,1986-02-23
1948911,NOLAN James,Male,Assistant Coach,Great Britain,Rugby Sevens,1990-08-27
1948913,PUGH Richie,Male,Head Coach,Great Britain,Rugby Sevens,1983-08-10
1948914,RIDDELL Scott,Male,Assistant Coach,Great Britain,Rugby Sevens,1985-10-05
1948915,ROQUES Tony,Male,Head Coach,Great Britain,Rugby Sevens,1978-09-07
1948979,JANIC Bojan,Male,Assistant Coach,Serbia,Volleyball,1982-03-11
1948980,JEVTIC Ivica,Male,Assistant Coach,Serbia,Volleyball,1983-07-26
1948981,KOLAKOVIC Igor,Male,Head Coach,Serbia,Volleyball,1965-06-04
1948983,MAJSTOROVIC Neven,Male,Assistant Coach,Serbia,Volleyball,1989-03-17
1949017,BUTARBUTAR Eva,Female,Coach,Indonesia,Artistic Gymnastics,1973-07-04
1949063,BLAGOJEVIC Jelena,Female,Assistant Coach,Serbia,Volleyball,1988-12-01
1949064,GUIDETTI Giovanni,Male,Head Coach,Serbia,Volleyball,1972-09-20
1949394,TUDELA PERRET Matias,Male,Head Coach,Spain,Rugby Sevens,1984-10-06
1949402,HERNANDEZ JIMENEZ Francisco de Pau.,Male,Head Coach,Spain,Rugby Sevens,1988-10-28
1949458,KOCH Ulla,Female,Coach,Belgium,Artistic Gymnastics,1955-07-05
1949459,van den HEUVEL Michel,Male,Head Coach,Belgium,Hockey,1964-07-15
1949468,MALDONADO Oscar,Male,Coach,Dominican Republic,Taekwondo,1993-06-04
1949531,MATEO BATISTA Ruddy,Male,Coach,Dominican Republic,Taekwondo,1985-01-06
1949864,LAACHRAOUI Mourad,Male,Coach,Belgium,Taekwondo,1995-03-31
1949874,MEZIANE Rachid,Male,Coach,Belgium,Basketball,1980-02-10
1950176,BARTON Emilee,Female,Assistant Coach,Australia,Rugby Sevens,1992-11-02
1950180,STANNARD James,Male,Assistant Coach,Australia,Rugby Sevens,1983-02-21
1950182,MANENTI John,Male,Head Coach,Australia,Rugby Sevens,1971-03-30
1950187,WALSH Timothy,Male,Head Coach,Australia,Rugby Sevens,1979-04-10
1950509,BYDWELL Emilie,Female,Head Coach,United States,Rugby Sevens,1985-08-31
1950510,TEST Zack,Male,Assistant Coach,United States,Rugby Sevens,1989-10-13
1950515,FORD Trey,Male,Assistant Coach,United States,Rugby Sevens,1900-01-01
1950520,FRIDAY Mike,Male,Head Coach,United States,Rugby Sevens,1972-04-25
1950521,GREENING Phil,Male,Assistant Coach,United States,Rugby Sevens,1975-10-03
1951636,FERREIRA Marcel,Male,Coach,Brazil,Artistic Swimming,1986-10-17
1951639,KARFUNKELSTEIN Rogerio,Male,Coach,Brazil,Artistic Swimming,1976-03-04
1952532,SPLITTER Tiago,Male,Assistant Coach,Brazil,Basketball,1985-01-01
1953168,HAMANO Yukiya,Male,Goalkeeper Coach,Japan,Football,1972-09-28
1953169,HANEDA Kenji,Male,Assistant Coach,Japan,Football,1981-12-01
1953170,OIWA Go,Male,Head Coach,Japan,Football,1972-06-23
1953555,CUNHA Thiago,Male,Assistant Coach,Egypt,Football,1978-12-18
1953646,ALBINO Cristiano,Male,Coach,Brazil,Artistic Gymnastics,1973-12-21
1953647,BISCALCHIN Daniel,Male,Coach,Brazil,Artistic Gymnastics,1978-08-14
1953649,PORATH Francisco,Male,Coach,Brazil,Artistic Gymnastics,1980-07-18
1953652,YASHENKO Iryna,Female,Coach,Brazil,Artistic Gymnastics,1960-05-18
1953686,ROSA Bruna,Female,Coach,Brazil,Rhythmic Gymnastics,1986-02-13
1953687,FEREZIN Camila,Female,Coach,Brazil,Rhythmic Gymnastics,1977-04-18
1953695,NAVES Marcia,Female,Coach,Brazil,Rhythmic Gymnastics,1965-12-01
1953710,PEREIRA Alexandro,Male,Coach,Brazil,Rhythmic Gymnastics,1972-05-03
1953713,FIGUEIREDO Tatiana,Female,Coach,Brazil,Rhythmic Gymnastics,1968-06-29
1954067,FUCHS Tracey,Female,Assistant Coach,United States,Hockey,1966-11-03
1954068,PASSMORE David,Male,Head Coach,United States,Hockey,1967-06-15
1954069,TELECHEA Javi,Male,Assistant Coach,United States,Hockey,1988-04-07
1954409,MATHEUS Carlos,Male,Coach,Brazil,Artistic Swimming,1978-02-23
1954411,DOMINGUES Felipe,Male,Coach,Brazil,Artistic Swimming,1976-03-07
1954413,POSSENTI Fernando,Male,Coach,Brazil,Artistic Swimming,1979-05-24
1954426,ONHA MARQUES Sergio,Male,Coach,Brazil,Artistic Swimming,1973-09-05
1954481,FEW Mark,Male,Coach,United States,Basketball,1962-12-27
1954482,KERR Steve,Male,Coach,United States,Basketball,1965-09-27
1954483,LUE Tyronn,Male,Assistant Coach,United States,Basketball,1977-05-03
1954484,SPOELSTRA Erik,Male,Assistant Coach,United States,Basketball,1970-11-01
1954499,LAWSON Kara,Female,Coach,United States,Basketball,1981-02-14
1954500,MILLER Curt,Male,Coach,United States,Basketball,1968-10-06
1954501,REEVE Cheryl,Female,Coach,United States,Basketball,1966-09-20
1954502,TAYLOR Joni,Female,Assistant Coach,United States,Basketball,1979-03-07
1954503,THIBAULT Mike,Male,Assistant Coach,United States,Basketball,1950-09-28
1954505,WRIGHT Tanisha,Female,Coach,United States,Basketball,1983-11-29
1954672,KOLINISAU Ratu Osea,Male,Head Coach,Fiji,Rugby Sevens,1985-11-17
1955000,ARENHART ALVES Ismael,Male,Assistant Coach,Brazil,Rugby Sevens,1900-01-01
1955021,BRODERICK William,Male,Head Coach,Brazil,Rugby Sevens,1992-09-17
1955060,FERRER Alexander,Male,Coach,Brazil,Artistic Swimming,1975-08-25
1955820,dos SANTOS Clayton,Male,Coach,Brazil,Taekwondo,1981-07-03
1955822,RIBEIRO Diego,Male,Coach,Brazil,Taekwondo,1987-01-05
1955881,NAMAUA Tikiko,Male,Assistant Coach,Fiji,Rugby Sevens,1976-05-11
1955954,KLAMBURG ROQUE Paula,Female,Coach,Australia,Artistic Swimming,1989-09-20
1955958,ONO Shoko,Female,Coach,Australia,Artistic Swimming,1988-11-09
1956101,SOARES Mateus Joao Felgueiras,Male,Coach,Timor-Leste,Taekwondo,1985-02-12
1956202,LUZON Guy,Male,Head Coach,Israel,Football,1975-08-17
1956206,CHOEN Haim,Male,Assistant Coach,Israel,Football,1900-01-01
1956383,BUTALA-KOVACIC Petra,Female,Coach,Serbia,Taekwondo,1988-02-29
1956384,JOVIC Dragan,Male,Coach,Serbia,Taekwondo,1969-05-21
1956385,SAVICEVIC Veljko,Male,Coach,Serbia,Taekwondo,1978-08-19
1956422,BUCHNIK Victor,Male,Goalkeeper Coach,Israel,Football,1900-01-01
1956472,BILIC Darko,Male,Assistant Coach,Serbia,Water Polo,1978-03-06
1956473,CIRIC Stefan,Male,Assistant Coach,Serbia,Water Polo,1985-08-15
1956476,STEVANOVIC Uros,Male,Head Coach,Serbia,Water Polo,1982-10-08
1956655,TAAFFE Robert,Male,Coach,Ireland,Taekwondo,1981-11-07
1956699,NSILU DILANDU Leroy,Male,Coach,Ireland,Taekwondo,2002-05-22
1956722,EFTIMOV Aleksandar,Male,Coach,North Macedonia,Taekwondo,1986-02-25
1957027,ADEL MOSTAFA,Male,Assistant Coach,Egypt,Football,1982-02-01
1957190,FUJIKI Mayuko,Female,Coach,Spain,Artistic Swimming,1975-06-21
1957191,JIMENEZ NIETO Cecilia,Female,Coach,Spain,Artistic Swimming,1995-07-27
1957192,REQUENA PERICAS Judit,Female,Coach,Spain,Artistic Swimming,1992-11-26
1957193,VEGA HERRERO Anna,Female,Coach,Spain,Artistic Swimming,1979-01-12
1957222,ANDREO GABAN Angel Luis,Male,Assistant Coach,Spain,Water Polo,1972-12-03
1957223,APARICIO SUNEN Antonio Francisco,Male,Assistant Coach,Spain,Water Polo,1960-03-08
1957224,IVANOV PIRALKOV Svilen,Male,Assistant Coach,Spain,Water Polo,1975-04-08
1957225,MARTIN LOZANO David,Male,Head Coach,Spain,Water Polo,1977-01-02
1957226,OCA GAIA Miguel Angel,Male,Head Coach,Spain,Water Polo,1970-04-15
1957227,VALLS NART Jordi,Male,Assistant Coach,Spain,Water Polo,1977-11-04
1957429,KERTESZNE BORKAI Anita,Female,Coach,Hungary,Artistic Gymnastics,1969-11-14
1957645,CAMPODONICO Marco,Male,Coach,Italy,Artistic Gymnastics,1963-05-21
1957768,CASELLA Enrico,Male,Coach,Italy,Artistic Gymnastics,1957-01-28
1958557,ZHOU Tianke,Female,Coach,Lao PDR,Rhythmic Gymnastics,1977-10-21
1958748,ALLER CARBALLO Manuel Angel,Male,Coach,Spain,Basketball,1963-04-17
1958749,CAMPS SAN JOSE Salvador,Male,Coach,Spain,Basketball,1979-05-19
1958751,FERNANDEZ TARGARONA Isaac,Male,Coach,Spain,Basketball,1980-01-18
1958752,GARCIA GUADARRAMA Victor Jesus,Male,Coach,Spain,Basketball,1980-02-06
1958754,GUIL Luis,Male,Assistant Coach,Spain,Basketball,1971-07-16
1958756,MENDEZ Miguel,Male,Coach,Spain,Basketball,1967-03-02
1958758,REY Luis,Male,Assistant Coach,Spain,Basketball,1964-08-28
1958760,PRADO BRANAS Joaquin,Male,Coach,Spain,Basketball,1976-03-17
1958761,SANCHEZ CANETE CALVO Angel Luis,Male,Assistant Coach,Spain,Basketball,1969-12-09
1958763,SCARIOLO Sergio,Male,Coach,Spain,Basketball,1961-04-01
1958764,URIETA GUTIERREZ Madelen,Female,Assistant Coach,Spain,Basketball,1981-08-21
1959349,CAREY Brian,Male,Coach,United States,Artistic Gymnastics,1973-09-22
1959353,LANDI Cecile,Female,Coach,United States,Artistic Gymnastics,1979-10-03
1959368,BRECKENRIDGE Grant,Male,Coach,United States,Artistic Gymnastics,1997-04-08
1959369,SUN Sonia,Female,Coach,United States,Artistic Gymnastics,1977-01-26
1959382,GRABA Jess,Male,Coach,United States,Artistic Gymnastics,1968-12-26
1959384,GAARENSTROOM Jordan,Male,Coach,United States,Artistic Gymnastics,1992-01-14
1959395,LANDI Laurent,Male,Coach,United States,Artistic Gymnastics,1977-10-18
1959400,KLIMOUK Natalia,Female,Coach,United States,Rhythmic Gymnastics,1968-01-09
1959405,CAESAR Syque,Male,Coach,United States,Artistic Gymnastics,1990-08-22
1959412,MIKULAK Sam,Male,Coach,United States,Artistic Gymnastics,1992-10-13
1959432,LIUKIN Valeri,Male,Coach,United States,Artistic Gymnastics,1966-12-17
1960844,BARRIEAU Jocelyn,Female,Assistant Coach,Canada,Rugby Sevens,1982-02-09
1960845,HANRATTY Jack,Male,Head Coach,Canada,Rugby Sevens,1989-05-09
1960848,MONAGHAN Iain,Male,Assistant Coach,Canada,Rugby Sevens,1980-08-08
1960860,JOYCE Jenn,Female,Assistant Coach,Canada,Rugby Sevens,1900-01-01
1961375,KONE Thierry,Male,Coach,Côte d'Ivoire,Taekwondo,1981-07-01
1961586,VOLAVOLA Timoci,Male,Assistant Coach,Fiji,Rugby Sevens,1978-09-27
1961712,TUIFUA Tevita,Male,Head Coach,Tonga,Rugby Sevens,1975-10-15
1961720,OTUMULI Mavae,Male,Head Coach,Tonga,Rugby Sevens,1984-07-22
1961741,VAIANGINA Ekitino,Male,Head Coach,Tonga,Rugby Sevens,1970-03-09
1961751,LIUTAI Malika,Male,Head Coach,Tonga,Rugby Sevens,1964-02-07
1961912,FULI Saiasi,Male,Head Coach,Fiji,Rugby Sevens,1978-03-16
1962265,TOPPING James,Male,Head Coach,Ireland,Rugby Sevens,1974-12-18
1962452,TEMPLE-JONES Allan,Male,Head Coach,Ireland,Rugby Sevens,1981-01-23
1962481,WONG Ka Wing,Male,Coach,"Hong Kong, China",Taekwondo,1974-08-06
1963019,MICALE Rogerio,Male,Head Coach,Egypt,Football,1969-03-28
1963171,LERGA Javier,Male,Assistant Coach,Spain,Football,1979-08-10
1963174,SANCHEZ Carlos,Male,Goalkeeper Coach,Spain,Football,1978-01-19
1963175,TOME Montse,Female,Head Coach,Spain,Football,1982-05-11
1963555,BAYER Steven,Male,Coach,Belgium,Hockey,1978-02-27
1963556,WHITE Tim,Male,Assistant Coach,Belgium,Hockey,1966-02-26
1963627,LOPEZ ROMERO Victor Hugo,Male,Assistant Coach,Japan,Handball,1982-11-23
1963628,ORTEGA PEREZ Antonio Carlos,Male,Head Coach,Japan,Handball,1971-07-14
1964423,ROCHA de REZENDE Bernardo,Male,Head Coach,Brazil,Volleyball,1959-08-25
1964448,RIBAS Giuliano,Male,Assistant Coach,Brazil,Volleyball,1900-01-01
1964453,LAGES GUIMARAES Jose Roberto,Male,Head Coach,Brazil,Volleyball,1954-07-31
1964473,DO REGO BARROS JUNIOR Paulo,Male,Assistant Coach,Brazil,Volleyball,1900-01-01
1964481,LEONALDO Roberley Luiz,Male,Assistant Coach,Brazil,Volleyball,1900-01-01
1964485,TABACH Ricardo,Male,Assistant Coach,Brazil,Volleyball,1900-01-01
1964492,COPPINI FERNANDES Wagner Luiz,Male,Assistant Coach,Brazil,Volleyball,1900-01-01
1965161,KEET Marcelle,Female,Assistant Coach,South Africa,Hockey,1984-10-25
1965168,BONNET Giles,Male,Head Coach,South Africa,Hockey,1965-02-10
1965644,GIL Carlos,Male,Coach,Panama,Artistic Gymnastics,1985-06-12
1967242,LAWRENCE Natalie,Female,Assistant Coach,New Zealand,Football,1984-07-05
1967254,HERST Jen,Female,Goalkeeper Coach,Canada,Football,1986-04-29
1967256,MANDER Jasmine,Female,Assistant Coach,Canada,Football,1995-05-23
1967258,PRIESTMAN Bev,Female,Head Coach,Canada,Football,1986-04-28
1967262,SPENCE Andy,Male,Assistant Coach,Canada,Football,1983-01-08
1967313,PARK Jae,Male,Coach,Canada,Taekwondo,1969-04-19
1967315,THORNTON Daniel,Male,Coach,Canada,Taekwondo,1974-04-21
1967332,LIMA Brian,Male,Head Coach,Samoa,Rugby Sevens,1972-01-25
1967468,PARADELO David,Male,Head Coach,Canada,Water Polo,1985-10-07
1967471,POSTERIVO Stefano,Male,Assistant Coach,Canada,Water Polo,1967-11-02
1967472,CAMPBELL Cora,Female,Assistant Coach,Canada,Water Polo,1974-05-28
1967642,IGLESIAS Rodrigo,Male,Assistant Coach,Brazil,Football,1900-01-01
1967672,ALCANTARA Edson,Male,Goalkeeper Coach,Brazil,Football,1900-01-01
1967683,ELIAS Arthur,Male,Head Coach,Brazil,Football,1981-08-05
1968210,LALOMILO Faamaoni,Male,Assistant Coach,Samoa,Rugby Sevens,1971-01-30
1968247,CIRKOVIC Vedran,Male,Assistant Coach,Australia,Water Polo,1988-03-14
1968453,CHERNETSKA Nataliya,Female,Coach,Greece,Artistic Swimming,1974-04-01
1968484,KAMMENOU Alexia Anna,Female,Head Coach,Greece,Water Polo,1969-07-25
1968489,LEMPESIS Xenofon,Male,Assistant Coach,Greece,Water Polo,1972-12-16
1968491,PYRPYRIS Anastasios,Male,Assistant Coach,Greece,Water Polo,1983-04-15
1968492,SCHIZAS Anastasios,Male,Assistant Coach,Greece,Water Polo,1977-02-18
1968495,VLACHOS Theodoros,Male,Head Coach,Greece,Water Polo,1969-07-09
1968531,KANTZOURIS Ilias,Male,Assistant Coach,Greece,Basketball,1973-08-11
1968540,SPANOULIS Vasilis,Male,Coach,Greece,Basketball,1982-08-07
1968567,RAFTIS Dimitrios,Male,Coach,Greece,Artistic Gymnastics,1967-12-19
1968759,JENNINGS Stephen,Male,Coach,EOR,Taekwondo,1981-12-25
1968802,FJELLSTROM Jens,Male,Assistant Coach,Australia,Football,1966-10-27
1968822,ANDREATTA Mel,Female,Assistant Coach,Australia,Football,1979-01-26
1968838,GUSTAVSSON Tony,Male,Head Coach,Australia,Football,1973-08-14
1968868,van ECK Richard,Male,Assistant Coach,Netherlands,Water Polo,1983-03-08
1968871,DOUDESIS Eva,Male,Head Coach,Netherlands,Water Polo,1985-03-12
1968964,MOGHANLOU Bijan,Male,Coach,Egypt,Taekwondo,1969-10-21
1969275,SICOT David Patrick,Male,Coach,Lebanon,Taekwondo,1985-10-24
1969357,SEKTIOUI Tarik,Male,Head Coach,Morocco,Football,1900-01-01
1969386,HADJI Youssouf,Male,Assistant Coach,Morocco,Football,1980-02-25
1969466,BADAWI Ghanem,Male,Coach,Syria,Artistic Gymnastics,1980-04-01
1970225,van der VEEN Jose,Female,Coach,Netherlands,Artistic Gymnastics,1977-05-18
1970227,WEVERS Vincent,Male,Coach,Netherlands,Artistic Gymnastics,1962-09-28
1970228,den UIJL Kevin,Male,Coach,Netherlands,Artistic Gymnastics,1995-08-22
1970229,JACOBS Jeroen,Male,Coach,Netherlands,Artistic Gymnastics,1971-11-21
1970235,KLEUSKENS Marcel,Male,Coach,Netherlands,Artistic Gymnastics,1982-04-17
1970236,KNIBBELER Daniel,Male,Coach,Netherlands,Artistic Gymnastics,1980-02-10
1970237,van MELDERT Dirk Jan,Male,Coach,Netherlands,Artistic Gymnastics,1965-12-03
1970317,CLARIJS Ricardo,Male,Assistant Coach,Netherlands,Handball,1990-04-22
1970322,JOHANSSON Per,Male,Head Coach,Netherlands,Handball,1970-11-10
1970733,GOUTSEVA Anastasia,Female,Coach,Greece,Artistic Swimming,1975-04-29
1970859,SOKOLOVA Natalia,Female,Coach,Cyprus,Rhythmic Gymnastics,1976-06-14
1970880,OGEYINGBO Ayodeji,Male,Coach,Nigeria,Basketball,1994-06-30
1970974,DERAEDT Laurent,Male,Goalkeeper Coach,Morocco,Football,1973-10-20
1971523,LESZNER Joe,Male,Coach,Canada,Archery,1900-01-01
1972037,TICHELMAN Thomas,Male,Assistant Coach,Netherlands,Hockey,1960-03-22
1972052,van ASS Paul,Male,Head Coach,Netherlands,Hockey,1960-08-16
1972055,DELMEE Jeroen,Male,Head Coach,Netherlands,Hockey,1973-03-08
1972056,VERBOOM Eric,Male,Assistant Coach,Netherlands,Hockey,1970-02-01
1972359,ALIYEVA Kamilla,Female,Coach,Azerbaijan,Rhythmic Gymnastics,2006-04-03
1972419,VILYAYEVA Yevgeniya,Female,Coach,Azerbaijan,Rhythmic Gymnastics,1994-01-08
1972423,VASILEVA Siyana,Female,Coach,Azerbaijan,Rhythmic Gymnastics,1996-03-03
1972426,GULIYEV Kamil,Male,Coach,Azerbaijan,Rhythmic Gymnastics,1993-09-21
1972427,KARIMLI Akif,Male,Coach,Azerbaijan,Rhythmic Gymnastics,1995-03-25
1972461,JAUMA CAYUELA Esther,Female,Coach,Netherlands,Artistic Swimming,1970-05-07
1972652,GIE Cheslyn,Male,Head Coach,South Africa,Hockey,1975-07-30
1972655,NTULI Siphesihle,Male,Assistant Coach,South Africa,Hockey,1989-01-29
1972933,GOMEZ Ibai,Male,Head Coach,Dominican Republic,Football,1989-11-11
1972934,RAMOS SANCHEZ Antonio,Male,Coach,Côte d'Ivoire,Taekwondo,1976-08-18
1972992,AMOREBIETA Fernando,Male,Assistant Coach,Dominican Republic,Football,1985-03-29
1973058,BRITEZ Cristhian,Male,Goalkeeper Coach,Dominican Republic,Football,1984-09-25
1973138,BALAN Adrian,Male,Coach,Canada,Artistic Gymnastics,1971-05-04
1973147,COWAN Lisa,Female,Coach,Canada,Artistic Gymnastics,1969-08-03
1973162,KIKUCHI David,Male,Coach,Canada,Artistic Gymnastics,1979-12-27
1973180,van HOOF Ed,Male,Coach,Canada,Artistic Gymnastics,1956-08-22
1973374,FALSETTA Ross,Male,Coach,Great Britain,Artistic Gymnastics,1985-10-02
1973377,DENG Ajou,Male,Assistant Coach,South Sudan,Basketball,1978-12-24
1973378,WIGNALL Rachel,Female,Coach,Great Britain,Artistic Gymnastics,1989-08-07
1973524,MEIJER Eric,Male,Assistant Coach,Netherlands,Volleyball,1989-09-26
1973525,KOSLOWSKI Felix,Male,Head Coach,Netherlands,Volleyball,1984-03-18
1973532,FERRER CUTINO Gil,Male,Assistant Coach,Netherlands,Volleyball,1971-10-11
1973576,IVEY Royal,Male,Coach,South Sudan,Basketball,1981-12-20
1973651,KOUDI Mandela,Male,Coach,South Sudan,Basketball,1991-11-21
1973693,CHIEJINE Ann,Female,Assistant Coach,Nigeria,Football,1974-02-02
1974021,KULESZA Kasia,Female,Coach,Canada,Artistic Swimming,1976-08-29
1974022,MORGAN Kerri,Female,Coach,Canada,Artistic Swimming,1971-06-04
1974025,VOLOSHYNA Anna,Female,Coach,Canada,Artistic Swimming,1991-09-26
1974026,YAKHNO Yelyzaveta,Female,Coach,Canada,Artistic Swimming,1998-06-04
1974386,SAWADOGO Rasmane,Male,Coach,Burkina Faso,Taekwondo,1965-06-25
1974755,BAUR Steve,Male,Assistant Coach,Canada,Basketball,1979-03-31
1974756,BJORKGREN Nate,Male,Assistant Coach,Canada,Basketball,1975-06-20
1974757,CLARKE Carly,Female,Coach,Canada,Basketball,1983-03-07
1974760,FERNANDEZ Jordi,Male,Coach,Canada,Basketball,1982-12-27
1974766,LAPENA Victor,Male,Coach,Canada,Basketball,1975-03-12
1974769,MITCHELL Nathaniel,Male,Assistant Coach,Canada,Basketball,1986-06-27
1974771,N'DONG Boniface,Male,Coach,Canada,Basketball,1977-09-03
1974772,PAGE Murriel,Female,Coach,Canada,Basketball,1975-09-18
1974773,QUINN Noelle,Female,Assistant Coach,Canada,Basketball,1985-01-03
1975398,DENG Luol,Male,Assistant Coach,South Sudan,Basketball,1985-04-16
1975920,CASTANEDA Allen Aldrin,Male,Coach,Philippines,Artistic Gymnastics,1972-07-20
1975923,HRYBANOV Andrii,Male,Coach,Israel,Artistic Gymnastics,1970-10-01
1975934,GRIFFETH Garrett Stephen,Male,Coach,Philippines,Artistic Gymnastics,1986-08-13
1977071,ABAD EXPOSITO Iker Miquel,Male,Coach,Ireland,Taekwondo,2004-07-24
1977388,WALDRUM Randy,Male,Head Coach,Nigeria,Football,1956-09-25
1977689,DIAWARA Kaba,Male,Head Coach,Guinea,Football,1975-12-16
1978161,CAPELLI Claudio,Male,Coach,Switzerland,Artistic Gymnastics,1986-11-16
1978215,GUELZEC Laurent,Male,Coach,Switzerland,Artistic Gymnastics,1971-04-22
1978259,KISTLER Frank,Male,Coach,Switzerland,Artistic Gymnastics,1984-10-08
1978688,MUNOZ BENITEZ Fernando,Male,Head Coach,Egypt,Volleyball,1970-07-27
1980774,KIM Myong Hwa,Female,Coach,DPR Korea,Artistic Gymnastics,1971-03-02
1980904,TRAJKOVIC Ivan Konrad,Male,Coach,Slovenia,Taekwondo,1991-09-01
1980943,PAVLIC Aljaz,Male,Assistant Coach,Slovenia,Handball,1979-01-18
1980962,MIJATOVIC Branka,Female,Assistant Coach,Slovenia,Handball,1973-07-19
1980979,ADZIC Dragan,Male,Head Coach,Slovenia,Handball,1969-12-13
1980981,DROZHANOVA Elena,Female,Coach,Slovenia,Rhythmic Gymnastics,1976-06-24
1980987,CRETU Gheorghe,Male,Head Coach,Slovenia,Volleyball,1968-08-08
1980990,DIVKOVIC Goran,Male,Coach,Slovenia,Taekwondo,1973-01-23
1981325,ZVIZEJ Luka,Male,Assistant Coach,Slovenia,Handball,1980-12-09
1981356,de CECCO Matteo,Male,Assistant Coach,Slovenia,Volleyball,1969-01-23
1981649,RETELJ Natasa,Female,Coach,Slovenia,Artistic Gymnastics,1977-09-12
1981689,ZORMAN Uros,Male,Head Coach,Slovenia,Handball,1980-01-09
1981697,KEDACIC Zoran,Male,Assistant Coach,Slovenia,Volleyball,1984-04-06
1986732,MUGANGUZI Wani,Male,Assistant Coach,Nigeria,Basketball,1990-06-26
2041085,FITZGERALD David,Male,Coach,Ireland,Hockey,1986-10-08
2476695,BAM Jenna,Female,Head Coach,South Africa,Rugby Sevens,1996-12-10
3057892,FALAHATGAR ETMINANI Davoud,Male,Coach,Bulgaria,Taekwondo,1980-06-21
3430822,PETROVIC Aleksandar,Male,Coach,Brazil,Basketball,1959-02-16
3496078,GORIATCHKINE Ivan,Male,Coach,Philippines,Artistic Gymnastics,1995-03-25
3520243,BASILE Leonardo,Male,Coach,EOR,Taekwondo,1983-05-12
3528052,VICTOR John,Male,Coach,Nigeria,Taekwondo,1977-05-22
3538853,DONNELLY Peter,Male,Assistant Coach,Ireland,Rugby Sevens,1983-01-12
3539442,CARSON Luke,Male,Coach,Ireland,Artistic Gymnastics,1989-10-23
3544158,GORBACHEV Stepan,Male,Coach,Ukraine,Artistic Gymnastics,1983-10-02
3545804,MARAJAN Sabit,Male,Coach,South Sudan,Taekwondo,1958-01-01
3546458,DIAWARA Fousseni,Male,Assistant Coach,Guinea,Football,1980-08-28
3546645,CAUKAUNIVALU Setefano,Male,Assistant Coach,Fiji,Rugby Sevens,1978-09-03
3561918,GRANDES Pablo,Male,Assistant Coach,Iraq,Football,1986-10-14
4043244,FONG Lerissa,Female,Head Coach,Samoa,Rugby Sevens,1982-05-13
4043245,POMARE Sapani,Male,Head Coach,Samoa,Rugby Sevens,1969-10-25
4043246,FAALUPEGA Avii,Female,Head Coach,Samoa,Rugby Sevens,1986-03-26
4044836,DAVID EP CHIRILCENCO Georgeta,Female,Coach,Algeria,Artistic Gymnastics,1974-03-10
4119109,ELZEFTAWEY Tarek,Male,Assistant Coach,Egypt,Volleyball,1975-04-12
4645809,GAARENSTROOM Jordan Jon,Male,Coach,Syria,Artistic Gymnastics,1992-01-14
4646497,PROST KOSIR Primoz,Male,Assistant Coach,Slovenia,Handball,1983-07-14
4649776,TRAORE Alioune,Male,Coach,Mali,Taekwondo,1962-06-14
4653058,COCCIA Kristina,Female,Coach,Haiti,Artistic Gymnastics,1988-12-19
4653997,KAMKASOUMPHOU Ekvara,Male,Coach,Mali,Taekwondo,1975-04-12
4658462,KHAJAVI Naeima,Male,Coach,Egypt,Taekwondo,1965-09-19
4847471,LAWSON Franck,Male,Coach,Burkina Faso,Taekwondo,1976-09-23
4968759,Mc DONALD Janelle Leigh,Female,Coach,Philippines,Artistic Gymnastics,1982-12-21
4968917,QUESNEL Yannick,Male,Goalkeeper Coach,Guinea,Football,1973-10-24
4976780,TANSKANEN Juha Petteri,Male,Coach,Syria,Artistic Gymnastics,1971-02-03
5016082,CHOUBA Jaouad,Female,Coach,Guinea-Bissau,Taekwondo,1982-11-02
9230002,HERDEIRO Alvaro Francisco,Male,Assistant Coach,Brazil,Handball,1969-06-23
9230003,MAROJA Gabriel Augusto,Male,Assistant Coach,Brazil,Handball,1996-05-07
9230006,ALONSO BERNARDO Jessica,Female,Assistant Coach,Spain,Handball,1983-09-20
9230010,LARSSON Thomas Erik Daniel,Male,Assistant Coach,Netherlands,Handball,1900-01-01
9230012,CAROU Gonzalo,Male,Assistant Coach,Argentina,Handball,1900-01-01
9230013,CAZON Guillermo,Male,Assistant Coach,Argentina,Handball,1900-01-01
9230017,CAAMANO Juan,Male,Assistant Coach,Spain,Handball,1990-12-06
9230018,TORRESCUSA Ignacio,Male,Assistant Coach,Spain,Handball,1994-07-21
9230020,GJERDE Joar,Male,Assistant Coach,Norway,Handball,1988-11-01
9390001,BONDAR Vladyslav,Male,Coach,Burkina Faso,Taekwondo,1998-03-26
9430008,CICHELLO Juan Manuel,Male,Assistant Coach,Italy,Volleyball,1900-01-01
9450042,VASSILIADES Emmanuel,Male,Assistant Coach,Greece,Water Polo,1979-08-03
